Time,Speed (cm/s)
14:18:52.322,0.058092787397690554
14:18:55.326,0.0
14:18:58.355,0.0
14:19:01.360,0.0
14:19:04.389,0.0
14:19:07.391,0.0
14:19:10.417,0.0
14:19:13.424,0.9451737873220133
14:19:16.447,3.241350981283029
14:19:19.457,4.4318115486135525
14:19:22.478,4.756668303259848
14:19:25.486,5.330659398435175
14:19:28.511,7.121818314944155
14:19:31.520,6.887570936990529
14:19:34.543,6.194664766338142
14:19:37.550,5.161944949941524
14:19:40.575,2.7887683378419186
14:19:43.587,3.381887094576181
14:19:46.608,2.4594486968349005
14:19:49.615,2.5849700385740193
14:19:52.637,2.8640464137432295
14:19:55.646,1.7166506676346165
14:19:58.670,2.943852889246151
14:20:01.711,3.399947590252635
14:20:04.734,2.527328765364921
14:20:07.741,2.051497811707784
14:20:10.768,2.524859509526916
14:20:13.772,3.2403448597780073
14:20:16.807,2.5674298536696014
14:20:19.838,2.7714862397368742
14:20:22.862,2.274831999340845
14:20:25.871,0.6624780276206114
14:20:28.896,0.2961884546318037
14:20:31.905,0.056230338967318515
14:20:34.926,0.9224238354278247
14:20:37.938,2.431668109704713
14:20:40.960,2.9715303696879816
14:20:43.967,3.980590835032274
14:20:46.992,3.2650408491527227
14:20:50.000,3.423161591764337
14:20:53.022,3.273579721989128
14:20:56.030,4.092427891828881
14:20:59.055,5.040926092346901
14:21:02.063,5.189544412916257
14:21:05.087,5.087733639544022
14:21:08.094,3.968093655831269
14:21:11.120,2.3445845740582207
14:21:14.126,1.9452791185599665
14:21:17.150,1.727986082642334
14:21:20.158,3.867501466936153
14:21:23.160,2.178365093553127
14:21:26.176,0.9577538903390206
14:21:29.184,1.8755858248352593
14:21:32.208,2.6189325339307192
14:21:35.216,2.0133888253021954
14:21:38.240,0.9419344825661113
14:21:41.246,1.7071102646260186
14:21:44.265,2.5281920644329516
14:21:47.278,1.242461123173885
14:21:50.293,1.229772453256347
14:21:53.342,2.2947600178862877
14:21:56.342,1.790511402273006
14:21:59.348,1.5943951094464037
14:22:02.367,1.3543025176392265
14:22:05.376,2.7732185844878083
14:22:08.400,2.716669720039614
14:22:11.406,2.3449670220126193
14:22:14.432,2.210668958932309
14:22:17.439,1.1320904300634882
14:22:20.464,1.6168417143447555
14:22:23.470,1.8358515230252284
14:22:26.496,1.14379556541915
14:22:29.502,0.6726724845263605
14:22:32.528,0.3745338690697965
14:22:35.538,0.3960751076593489
14:22:38.560,2.7789033259057376
14:22:41.574,3.068731560675163
14:22:44.592,1.8925901378385246
14:22:47.599,0.8136406240831262
14:22:50.621,4.1344536386196316
14:22:53.636,4.2381997631152455
14:22:56.655,3.9934175019674516
14:22:59.663,3.440490536178454
14:23:02.686,4.216585585621694
14:23:05.695,3.519133916975173
14:23:08.719,2.834424497725862
14:23:11.727,3.180470467446832
14:23:14.750,1.1862498908158492
14:23:17.759,1.0385833218650158
14:23:20.782,1.3816130107956244
14:23:23.791,2.0841917111254937
14:23:26.814,3.80663563198998
14:23:29.854,4.756234170524269
14:23:32.879,4.648468751814056
14:23:35.888,6.600933496270059
14:23:38.943,5.6643881687334865
14:23:41.951,6.454341077295341
14:23:44.976,6.428488728117993
14:23:47.988,4.038030021926935
14:23:51.013,3.7024724312547725
14:23:54.015,2.020055987639279
14:23:57.040,3.0873806774885177
14:24:00.049,5.875783676421739
14:24:03.070,7.807402324484438
14:24:06.077,7.621859255963215
14:24:09.102,4.424637555983267
14:24:12.146,2.8624500952699026
14:24:15.168,4.070180217359393
14:24:18.176,3.0661725796407286
14:24:21.204,2.111434118557904
14:24:24.240,2.34682636776057
14:24:27.263,1.2136240853831604
14:24:30.272,1.2205634395012153
14:24:33.296,0.4098348026965163
14:24:36.302,1.1017059314355233
14:24:39.329,1.3256805528562015
14:24:42.365,1.4183502194191462
14:24:45.392,4.6173169734933674
14:24:48.401,3.179280062761798
14:24:51.425,4.828680522760915
14:24:54.432,5.080822631784831
14:24:57.455,3.6551396976851316
14:25:00.463,3.8266335623465566
14:25:03.486,3.8925835354093823
14:25:06.526,4.264182524272556
14:25:09.552,4.588129931696978
14:25:12.559,4.64701254133549
14:25:15.584,4.615075541711907
14:25:18.593,2.9997199828677212
14:25:21.614,1.8072517911442345
14:25:24.655,0.7237269754170995
14:25:27.677,1.7623149533156874
14:25:30.687,0.7143766443485542
14:25:33.742,0.3251264799039797
14:25:36.756,0.13152298933519488
14:25:39.778,1.2567548470054195
14:25:42.784,0.54242759709797
14:25:45.806,0.16305549591805202
14:25:48.816,1.2990077238910314
14:25:51.838,3.5471389048010966
14:25:54.847,5.372591240875927
14:25:57.870,5.6185341105933
14:26:00.878,5.303038869811741
14:26:03.904,4.564382794356465
14:26:06.945,2.564116994937828
14:26:09.968,2.9545405803741303
14:26:12.977,3.6819891026990117
14:26:15.998,2.0147238356424624
14:26:19.008,1.859266801140054
14:26:22.015,4.877222079494855
14:26:25.025,0.8276348098681289
14:26:28.031,0.635478934550294
14:26:31.039,0.12084776485207836
14:26:34.049,0.34731778266996105
14:26:37.056,1.216132421277164
14:26:40.065,2.018280498657744
14:26:43.074,2.0513233667704753
14:26:46.079,2.28685070347558
14:26:49.121,3.901809085032925
14:26:52.161,4.214438556656158
14:26:55.200,3.376301564621498
14:26:58.207,3.082716467191321
14:27:01.210,3.3491880583722167
14:27:04.224,3.2886665932740646
14:27:07.245,3.866956267110544
14:27:10.260,1.831416246408384
14:27:13.261,1.7088647788988012
14:27:16.272,0.5768398418745249
14:27:19.279,0.29807944720897783
14:27:22.288,2.622353511583876
14:27:25.296,0.7213131841885976
14:27:28.304,0.3087592505652991
14:27:31.348,0.6241966907547651
14:27:34.352,3.3605631349874288
14:27:37.366,4.251237811635649
14:27:40.398,4.5816753367972085
14:27:43.405,3.3955644840692405
14:27:46.416,1.0958111949494378
14:27:49.422,1.076446260493283
14:27:52.433,1.1912594233605598
14:27:55.471,2.0365345353575144
14:27:58.544,3.0863725799070996
14:28:01.551,3.0347502851944466
14:28:04.590,3.4105753870660216
14:28:07.632,2.679772719291768
14:28:10.672,1.6525521892201516
14:28:13.681,0.36088121039014964
14:28:16.721,0.7968008425620879
14:28:19.760,4.330130814971302
14:28:22.799,4.126524973860418
14:28:25.838,3.8589910846601985
14:28:28.879,4.5993625681775825
14:28:31.918,5.8683976770246025
14:28:34.924,6.01791438300671
14:28:37.968,6.0744998451272885
14:28:41.008,4.967171578150933
14:28:44.015,3.8319724291138866
14:28:47.059,2.9025720639501698
14:28:50.095,3.704142578011077
14:28:53.136,3.3450673555839714
14:28:56.176,2.2891354779031357
14:28:59.217,1.5726252601429387
14:29:02.225,2.846214014515022
14:29:05.264,5.83096806271056
14:29:08.304,5.9371304982975435
14:29:11.342,6.5602000165483005
14:29:14.352,5.8325456177691715
14:29:17.393,4.386788136562576
14:29:20.431,4.415030603400275
14:29:23.470,3.3779334046487937
14:29:26.545,2.638297789605265
14:29:29.551,0.9765136059197219
14:29:32.592,0.6290235057684544
14:29:35.600,1.1651003529041546
14:29:38.638,2.975668410611733
14:29:41.678,2.749469111931162
14:29:44.719,3.211058493521807
14:29:47.760,3.543877622956728
14:29:50.802,5.838469563753161
14:29:53.839,6.9278312142408165
14:29:56.848,6.443636070536659
14:29:59.890,4.976989788979278
14:30:02.934,2.5670446206380793
14:30:05.936,0.7522825895482754
14:30:08.975,2.6162385340562153
14:30:12.015,2.650779804852631
14:30:15.054,1.8185799056973868
14:30:18.095,1.5849277843585168
14:30:21.137,1.4009818521438528
14:30:24.175,1.8077768414832243
14:30:27.183,1.8466265154003476
14:30:30.224,2.124934723161506
14:30:33.263,2.0299537610144225
14:30:36.273,1.8878538391539579
14:30:39.344,1.743378098823381
14:30:42.351,2.250230551361072
14:30:45.391,2.175196324154023
14:30:48.434,1.3507599017643215
14:30:51.471,0.97209551690803
14:30:54.544,1.446776859671249
14:30:57.552,3.875807708922763
14:31:00.562,4.073047409798616
14:31:03.601,5.128727264225006
14:31:06.608,4.354639501228284
14:31:09.633,2.4299018953056395
14:31:12.646,0.9174388260726255
14:31:15.649,0.2553150224577295
14:31:18.654,1.8745218996007091
14:31:21.664,4.111410698642758
14:31:24.672,4.346864352483521
14:31:27.688,3.5185373419661783
14:31:30.688,2.4440213794034302
14:31:33.697,1.5594413774958493
14:31:36.704,0.0
14:31:39.746,0.0
14:31:42.753,3.734305621552567
14:31:45.760,5.641240145805355
14:31:48.769,5.885713101189756
14:31:51.777,6.0819262201944095
14:31:54.786,7.810460624762708
14:31:57.824,7.67546303163087
14:32:00.864,7.674259450051594
14:32:03.902,5.871408471286766
14:32:06.944,5.166947059070157
14:32:09.958,5.105003718075565
14:32:12.992,6.265575488884507
14:32:16.034,6.592290765812482
14:32:19.070,5.822970210379789
14:32:22.143,4.680027615911396
14:32:25.151,5.281212896274517
14:32:28.190,1.7987453393995043
14:32:31.198,0.6901191973498614
14:32:34.246,0.3525364911171526
14:32:37.279,0.8425770022155196
14:32:40.298,1.3962142345648456
14:32:43.326,0.6726276520259628
14:32:46.368,0.28576727744608754
14:32:49.408,1.7942532547425816
14:32:52.449,4.699347176260567
14:32:55.488,6.455551519301427
14:32:58.538,6.4847874146567035
14:33:01.569,4.641546495599226
14:33:04.577,2.421098878048254
14:33:07.617,0.9788301585892779
14:33:10.656,0.8655635933271174
14:33:13.664,0.9554111877904129
14:33:16.704,0.0
14:33:19.745,0.0
14:33:22.789,0.16615470097491425
14:33:25.833,1.3235852090071407
14:33:28.865,1.0646225829448246
14:33:31.903,1.0346870808183772
14:33:34.945,1.452358172558834
14:33:37.953,1.5331268847541888
14:33:41.018,1.899288171311113
14:33:44.034,1.1381835141087981
14:33:47.073,2.3492545675404184
14:33:50.144,3.684838030146964
14:33:53.151,2.782931448740803
14:33:56.161,2.372710538869886
14:33:59.199,5.667299145722357
14:34:02.214,5.559865932970193
14:34:05.248,4.6491728356321245
14:34:08.289,3.921034695431805
14:34:11.330,4.397039925681662
14:34:14.369,4.7131009720927315
14:34:17.410,4.197551131817285
14:34:20.449,4.981874861200522
14:34:23.458,4.8111439272994465
14:34:26.496,5.225364728040569
14:34:29.536,4.763733429692487
14:34:32.574,2.1957494494774816
14:34:35.615,0.36450028951080166
14:34:38.659,0.13085557522311217
14:34:41.662,0.5317898645368678
14:34:44.705,3.320856562917139
14:34:47.743,3.1766863910950613
14:34:50.783,2.597898732978825
14:34:53.792,3.4172733420086843
14:34:56.832,1.2556103430598093
14:34:59.873,0.7157180410631113
14:35:02.944,1.1094950159095394
14:35:05.951,2.940918125792721
14:35:08.992,3.671922272870053
14:35:12.000,2.952436532229339
14:35:15.041,3.788862252249097
14:35:18.078,2.424744657875355
14:35:21.121,3.1259673612856353
14:35:24.126,3.0215481749084048
14:35:27.169,4.029377753972448
14:35:30.207,3.3876582664859853
14:35:33.249,3.625661957855881
14:35:36.298,3.1083730658572364
14:35:39.327,4.852218971927123
14:35:42.336,5.708663953666996
14:35:45.376,7.16311108643649
14:35:48.416,6.748494647229621
14:35:51.457,3.2854019732838626
14:35:54.496,1.9417304476124746
14:35:57.537,0.0
14:36:00.577,0.030659522350146018
14:36:03.584,1.9282492338460433
14:36:06.625,1.1207774289146641
14:36:09.665,0.6133345116532769
14:36:12.672,1.6571123901741012
14:36:15.713,0.9288526533018115
14:36:18.753,0.1726491728249726
14:36:21.793,0.0
14:36:24.830,1.2374395942786152
14:36:27.873,3.107251639402567
14:36:30.915,2.1551413210135943
14:36:33.920,2.1547193862345653
14:36:36.961,3.731191925456563
14:36:40.001,3.5360341732763603
14:36:43.040,2.9546532586747536
14:36:46.049,3.137510161705872
14:36:49.090,4.31661012163911
14:36:52.129,3.8062860313747664
14:36:55.167,3.0483459747545574
14:36:58.206,3.5684243033475567
14:37:01.248,4.456003237734714
14:37:04.258,3.7815605826981753
14:37:07.295,3.2824995738724283
14:37:10.337,6.29477067414211
14:37:13.375,7.570395252355805
14:37:16.385,8.226401151267858
14:37:19.429,6.887578357057682
14:37:22.469,5.624465362575218
14:37:25.506,4.528069940826083
14:37:28.577,5.124665083142798
14:37:31.584,3.8984361399922296
14:37:34.623,2.747522740226686
14:37:37.634,2.8502941477871437
14:37:40.672,2.3829577488276765
14:37:43.713,1.7611530295935833
14:37:46.750,1.7295579655968054
14:37:49.791,1.4958886358241974
14:37:52.833,1.7856620193810415
14:37:55.880,5.459606287526093
14:37:58.881,4.772725155371939
14:38:01.919,5.546351001039437
14:38:04.967,5.529940179742974
14:38:07.968,5.189586807887086
14:38:11.014,4.041288075012435
14:38:14.050,3.6218174837605503
14:38:17.087,4.102892228654399
14:38:20.128,1.6924533168572917
14:38:23.167,0.9857579146641061
14:38:26.177,0.05736064762432187
14:38:29.217,1.4069938826743704
14:38:32.257,1.3376558674274244
14:38:35.295,0.511516501756417
14:38:38.304,0.05906001559868132
14:38:41.378,1.0253650650196395
14:38:44.414,2.27197515942202
14:38:47.423,1.252758352167516
14:38:50.464,1.593311177253293
14:38:53.505,2.0975944987426582
14:38:56.512,1.910834949994777
14:38:59.553,1.6848045698970713
14:39:02.593,2.1866595605363197
14:39:05.633,2.167765686294659
14:39:08.638,2.2880681318393434
14:39:11.640,2.0291582478067034
14:39:14.662,3.194074457835292
14:39:17.683,6.026267406987166
14:39:20.687,5.218575701528304
14:39:23.704,5.449691632443008
14:39:26.736,3.782725261253188
14:39:29.776,2.5160293409047187
14:39:32.783,1.911610007691537
14:39:35.797,1.5540560752799073
14:39:38.799,2.4326451160307427
14:39:41.807,2.635015579121199
14:39:44.817,2.857927744100207
14:39:47.823,2.761410251420516
14:39:50.832,0.4614344692791288
14:39:53.842,0.368190613413756
14:39:56.848,0.0
14:39:59.855,1.4977907462973203
14:40:02.896,4.51776639248925
14:40:05.940,5.800770460755924
14:40:08.977,4.567831244706102
14:40:11.985,2.8361089405341975
14:40:15.023,2.516487709865299
14:40:18.064,2.5303281242303446
14:40:21.106,2.6117371840191606
14:40:24.177,3.9663069394771178
14:40:27.184,4.391157244704
14:40:30.194,3.5936060164505177
14:40:33.233,4.153378956092297
14:40:36.272,4.900414773138801
14:40:39.314,5.3388802243385
14:40:42.323,4.198781919688131
14:40:45.347,4.565220453866267
14:40:48.361,5.10357767442685
14:40:51.391,5.017878543778188
14:40:54.401,5.709171724600153
14:40:57.409,2.8413595236028137
14:41:00.414,2.4114344665752827
14:41:03.426,1.9045467146481472
14:41:06.431,1.9664341016626732
14:41:09.440,2.5168688571675957
14:41:12.450,1.2486626187669905
14:41:15.455,1.6873470581045684
14:41:18.465,1.4903285479323836
14:41:21.472,1.7454168576489244
14:41:24.479,0.5862662707735147
14:41:27.489,0.5666877508522157
14:41:30.497,3.1188839585502315
14:41:33.542,4.836456981973381
14:41:36.577,5.2720405410637925
14:41:39.621,5.142665588571045
14:41:42.659,4.635429957450493
14:41:45.666,3.027936678920585
14:41:48.705,3.586564216884961
14:41:51.776,4.4208240395916585
14:41:54.783,3.6422622690621647
14:41:57.826,4.195516164408204
14:42:00.865,3.1422274676979307
14:42:03.905,4.481200128738511
14:42:06.912,5.787652677432985
14:42:09.954,6.919458261459549
14:42:12.991,7.756949579468231
14:42:16.007,5.5026002996679955
14:42:19.042,4.23787723571532
14:42:22.082,3.2919039377263317
14:42:25.120,2.491364268726249
14:42:28.160,4.467480524700002
14:42:31.200,2.399098536357285
14:42:34.241,1.0778329766472623
14:42:37.249,1.721523417095241
14:42:40.289,6.032100527869522
14:42:43.327,5.967233230063944
14:42:46.337,5.0464498946784175
14:42:49.377,5.5813114699659625
14:42:52.415,4.238140698183987
14:42:55.455,4.537665173332957
14:42:58.497,4.219209739028199
14:43:01.542,5.9981851781047055
14:43:04.579,4.787530221866557
14:43:07.586,3.2458754396536684
14:43:10.624,4.211245740691415
14:43:13.664,3.796300234406872
14:43:16.704,1.9603100021792657
14:43:19.778,2.4684598448714006
14:43:22.783,2.188313022526078
14:43:25.792,1.8408809294817001
14:43:28.833,0.8725855739180384
14:43:31.873,0.6275529181870029
14:43:34.879,2.3011376028703636
14:43:37.927,1.8298685680860656
14:43:40.964,2.4995116849527763
14:43:44.007,2.60135686749656
14:43:47.040,2.132577993117907
14:43:50.081,0.5685667961123158
14:43:53.123,0.16491529466802213
14:43:56.128,0.5211838348760135
14:43:59.169,0.8698790854151374
14:44:02.209,0.34879426198209657
14:44:05.217,0.1643691889948742
14:44:08.240,0.81597227654953
14:44:11.250,1.622305152748229
14:44:14.258,1.502977758692223
14:44:17.263,0.9422346066587144
14:44:20.273,2.968629210705341
14:44:23.283,3.6775850870184925
14:44:26.289,4.3365869082438415
14:44:29.297,4.1018828655542725
14:44:32.304,3.08245271445705
14:44:35.316,2.0765100935683827
14:44:38.321,0.8521660558455295
14:44:41.327,1.20688348220663
14:44:44.338,1.5331305480474475
14:44:47.376,0.9331905072708344
14:44:50.384,1.4723020890054106
14:44:53.391,2.136292090317143
14:44:56.433,2.257757272864754
14:44:59.472,1.3414168779896884
14:45:02.513,2.4037055197070063
14:45:05.558,2.28611222728033
14:45:08.595,0.24501687995936355
14:45:11.604,0.17924213042721948
14:45:14.643,0.9114090047191369
14:45:17.686,1.6386315287297477
14:45:20.721,1.9245968061447871
14:45:23.761,2.5185428101793437
14:45:26.802,2.3015944823840617
14:45:29.807,2.661346538066386
14:45:32.851,2.4602318384094604
14:45:35.852,2.3581782707273775
14:45:38.882,1.2585987698727343
14:45:41.889,0.6484061642030912
14:45:44.897,0.06168764434723602
14:45:47.909,0.2768140969404801
14:45:50.914,3.014633606352869
14:45:53.922,5.0571856865733364
14:45:56.932,6.197332913696041
14:45:59.935,6.021663228163196
14:46:02.977,5.816244785230862
14:46:05.987,5.25325329806764
14:46:08.994,4.828208967019133
14:46:12.001,4.19418772065883
14:46:15.009,1.4903688457767197
14:46:18.016,0.4869544197966396
14:46:21.026,0.7344388550958371
14:46:24.064,1.2065579567829448
14:46:27.072,4.466151136363227
14:46:30.077,2.88131212641943
14:46:33.105,3.9836527755723887
14:46:36.112,4.377725818920332
14:46:39.122,3.321617823393263
14:46:42.129,3.5646489902662237
14:46:45.137,4.139264713781075
14:46:48.143,6.9192318454300015
14:46:51.152,6.483955373516346
14:46:54.160,6.707499783423374
14:46:57.170,6.509426255048926
14:47:00.180,8.138582249650847
14:47:03.184,6.939329872529712
14:47:06.192,6.737950682468789
14:47:09.202,6.585471818923878
14:47:12.208,6.4609462235567605
14:47:15.250,6.048835699915834
14:47:18.289,6.005089015605733
14:47:21.295,4.60561943855078
14:47:24.336,3.5351909980568945
14:47:27.409,2.891247327261435
14:47:30.418,5.014298350724418
14:47:33.456,8.43764053024348
14:47:36.499,5.299363090481396
14:47:39.538,6.922120131585412
14:47:42.579,5.212271572694798
14:47:45.585,4.687653635836801
14:47:48.624,3.95207488234613
14:47:51.632,5.196056153034138
14:47:54.657,4.405404147159005
14:47:57.657,5.473755165448543
14:48:00.672,5.753425658672653
14:48:03.681,5.3125512806508635
14:48:06.690,3.301224401564688
14:48:09.698,2.097987916154999
14:48:12.704,1.8253108262541047
14:48:15.713,1.6816906992491525
14:48:18.721,1.3058188869305125
14:48:21.729,0.7930116668878012
14:48:24.738,0.7583199216522705
14:48:27.744,1.227368849647051
14:48:30.753,0.8989896854576291
14:48:33.760,0.1771562906961908
14:48:36.769,0.7209098972402627
14:48:39.810,2.351745938300007
14:48:42.851,3.8654553052527056
14:48:45.888,3.564927877563158
14:48:48.931,3.95801233320229
14:48:51.969,3.072440858038159
14:48:55.013,2.316914336518706
14:48:58.016,2.5758841511452566
14:49:01.058,2.994082355620924
14:49:04.101,1.7877359018961552
14:49:07.136,1.0066825527548329
14:49:10.144,1.0125802702157274
14:49:13.186,2.1460893613551417
14:49:16.224,6.028365519537526
14:49:19.265,6.455514879598905
14:49:22.304,8.26458131770751
14:49:25.343,5.678977705247572
14:49:28.386,3.790547856494329
14:49:31.394,4.173796718099194
14:49:34.435,3.6043655604755758
14:49:37.473,5.094409363942099
14:49:40.513,6.062119279291824
14:49:43.521,5.360654441375988
14:49:46.562,5.697810955542403
14:49:49.601,5.057894299243475
14:49:52.641,5.007652023850888
14:49:55.683,4.019221804163867
14:49:58.720,5.242997658381825
14:50:01.730,4.289739163909112
14:50:04.769,3.6136426285618835
14:50:07.809,3.6176472834512463
14:50:10.850,5.2632748307845
14:50:13.889,5.216447315556092
14:50:16.929,9.236131343412472
14:50:19.970,7.149604879132428
14:50:23.008,6.7192342809165595
14:50:26.028,5.650019349385505
14:50:29.058,5.0563695993048015
14:50:32.063,6.478230155895156
14:50:35.106,5.3224991606120495
14:50:38.147,3.687481699497581
14:50:41.187,2.655204837143677
14:50:44.227,2.1737861446949744
14:50:47.266,3.285149316948033
14:50:50.305,2.9050999314812422
14:50:53.314,2.3966732354631324
14:50:56.352,4.221058648026495
14:50:59.397,4.59384128366009
14:51:02.410,5.237289768744707
14:51:05.441,5.127653899108559
14:51:08.480,4.4888557728377885
14:51:11.522,3.818130774412535
14:51:14.560,4.360850964311678
14:51:17.602,4.244232372948859
14:51:20.646,2.556087232519009
14:51:23.648,2.911725642551218
14:51:26.690,3.1229539937915054
14:51:29.730,3.06353717863457
14:51:32.768,4.98899917989828
14:51:35.811,5.996437240227387
14:51:38.818,5.6815625276378485
14:51:41.856,3.5620822061544497
14:51:44.899,3.3181419055761263
14:51:47.936,2.6305767175140002
14:51:51.010,2.8386563592709813
14:51:54.017,3.1977359940333097
14:51:57.027,2.1535384666024067
14:52:00.066,2.6682937003600498
14:52:03.109,2.5004959433500775
14:52:06.112,2.670661956566764
14:52:09.135,1.4374582920377303
14:52:12.146,1.160805181314765
14:52:15.160,2.539267570361447
14:52:18.161,3.7272333665511144
14:52:21.170,3.670360755183925
14:52:24.208,3.866528598408314
14:52:27.216,2.778021577006883
14:52:30.224,4.1768184520776686
14:52:33.234,4.137747518299852
14:52:36.243,3.6301421205236504
14:52:39.248,2.8213787777048074
14:52:42.258,2.341140980602229
14:52:45.285,1.9457158298558963
14:52:48.295,1.9686490134499661
14:52:51.314,1.605583831469102
14:52:54.322,1.5419867352746426
14:52:57.344,0.2362528951541794
14:53:00.352,3.028674349160891
14:53:03.378,0.7597504744393431
14:53:06.389,0.11616282591373583
14:53:09.410,0.0
14:53:12.417,1.2512858273671457
14:53:15.421,1.0014738512350168
14:53:18.448,0.9526271433794674
14:53:21.473,0.908039278643457
14:53:24.482,1.0730402837072808
14:53:27.505,0.8000369549855743
14:53:30.513,0.2804428029948185
14:53:33.536,1.7993003787321642
14:53:36.543,4.377527961331435
14:53:39.569,5.032273919382469
14:53:42.610,4.656594828317409
14:53:45.633,2.9679226635919207
14:53:48.642,1.1263934471968138
14:53:51.667,0.8851877744797934
14:53:54.674,0.5926514736082642
14:53:57.703,5.139004808016256
14:54:00.704,6.221341837938551
14:54:03.729,5.383926706802594
14:54:06.737,5.032380626429894
14:54:09.762,4.1043017297050035
14:54:12.769,3.190727988766099
14:54:15.792,3.5192249399285003
14:54:18.801,3.0293044738849337
14:54:21.826,1.456020500396167
14:54:24.836,1.5887984327674487
14:54:27.858,1.0922108101703727
14:54:30.867,1.2446252192340952
14:54:33.889,0.0
14:54:36.898,0.0
14:54:39.921,0.0
14:54:42.929,1.5187899002838525
14:54:45.953,1.047227144652442
14:54:48.962,1.8746785717395398
14:54:51.986,1.909521844368645
14:54:55.025,1.9858334981843648
14:54:58.048,3.2752027939035395
14:55:01.058,3.611280901372456
14:55:04.082,3.7715373308990268
14:55:07.092,1.2373047009819282
14:55:10.116,2.1779627448518046
14:55:13.129,1.624790722439707
14:55:16.146,5.015760970570258
14:55:19.155,7.007840056189399
14:55:22.213,7.160849702141325
14:55:25.216,9.179569171490215
14:55:28.242,6.84996164365765
14:55:31.249,5.610330134996725
14:55:34.274,6.2857881179565975
14:55:37.289,5.1708071732810215
14:55:40.304,5.347404707778223
14:55:43.347,4.357318624659194
14:55:46.369,5.46972691270553
14:55:49.411,5.780138695704894
14:55:52.437,5.9562617229032355
14:55:55.439,8.303062873447038
14:55:58.465,7.886594440928137
14:56:01.473,6.584798986241108
14:56:04.497,1.6435152408423335
14:56:07.505,1.4138361915356565
14:56:10.530,2.1882360561128866
14:56:13.544,2.8919037571510806
14:56:16.560,4.9128924290930716
14:56:19.603,5.465870702944316
14:56:22.624,6.080283930855566
14:56:25.634,3.577303328989705
14:56:28.657,3.6463097080883142
14:56:31.667,2.981012942037171
14:56:34.692,3.1972946099453967
14:56:37.700,2.3880295306472705
14:56:40.719,2.2640078582644025
14:56:43.729,3.2871937101439075
14:56:46.753,3.796427621970541
14:56:49.795,0.8842429089958743
14:56:52.816,1.5540988563319593
14:56:55.829,1.5401117664898023
14:56:58.847,4.0494248143473595
14:57:01.889,4.211298227380866
14:57:04.914,4.34333471149806
14:57:07.924,4.0956227223989945
14:57:10.945,3.721821661277455
14:57:13.954,2.8881178469295596
14:57:17.011,2.586536612420947
14:57:20.019,2.806963361311761
14:57:23.044,0.5294791437751372
14:57:26.048,0.20686321476726158
14:57:29.075,0.0
14:57:32.083,1.2841345468679934
14:57:35.106,1.2809979235880198
14:57:38.113,1.623923301961185
14:57:41.139,1.1011756233352001
14:57:44.144,3.3521807434526427
14:57:47.171,3.310004160828148
14:57:50.208,2.8184829496063877
14:57:53.235,3.5533799307420812
14:57:56.241,1.5549645805171548
14:57:59.264,1.6865350671265615
14:58:02.273,1.539988850149344
14:58:05.299,2.286975015078554
14:58:08.307,3.3269665032737312
14:58:11.332,4.170580405811184
14:58:14.367,3.9809638773750056
14:58:17.396,4.22521636776986
14:58:20.402,2.7711904499125
14:58:23.425,2.7280014245785233
14:58:26.468,3.3073113981794493
14:58:29.491,1.6054164517050156
14:58:32.496,1.641179382026701
14:58:35.523,0.6498014325668467
14:58:38.531,1.231854931282844
14:58:41.555,0.4250394427932472
14:58:44.562,0.4986003874786754
14:58:47.585,0.0
14:58:50.627,0.5986107839145899
14:58:53.652,0.8749369257094671
14:58:56.657,1.7271500680023304
14:58:59.683,0.836486921816553
14:59:02.689,0.4959087085053647
14:59:05.712,0.8251450058400971
14:59:08.755,0.030992997237656948
14:59:11.810,0.43355489843380296
14:59:14.819,2.4255668389373266
14:59:17.840,0.49646623095850073
14:59:20.849,0.7120678429881647
14:59:23.878,0.5958789178731858
14:59:26.881,2.4226088206256917
14:59:29.905,1.6904585822562301
14:59:32.915,0.7781001784134355
14:59:35.937,1.4813071005727634
14:59:38.946,2.717775262117074
14:59:41.975,2.220094214814827
14:59:45.012,2.237957534030452
14:59:48.035,2.1271445376462097
14:59:51.043,1.515179703633502
14:59:54.065,1.6032238549770612
14:59:57.073,0.728035628355344
15:00:00.097,2.5239044767496055
15:00:03.106,2.5129746452515227
15:00:06.133,4.039915093852423
15:00:09.143,4.894414388357841
15:00:12.168,5.319428013145772
15:00:15.203,8.4488908503375
15:00:18.227,6.492289446261112
15:00:21.236,6.086738216983884
15:00:24.259,3.7994448387556266
15:00:27.307,2.707691936370982
15:00:30.321,2.3088344258215105
15:00:33.330,3.628589772207488
15:00:36.355,4.78173299164603
15:00:39.362,4.915118130466424
15:00:42.386,5.0308797636236795
15:00:45.394,5.198924708804473
15:00:48.419,6.638681972348426
15:00:51.427,7.5643053889984095
15:00:54.451,7.422776967637516
15:00:57.491,5.901027566941252
15:01:00.515,3.621068849232719
15:01:03.523,3.2454785026173076
15:01:06.548,3.465494218502851
15:01:09.586,1.663174617871844
15:01:12.609,1.196364597652557
15:01:15.619,0.44400062057602735
15:01:18.643,1.8544674981121456
15:01:21.652,0.9986293621599373
15:01:24.677,0.7400747036747846
15:01:27.685,0.25319481005208044
15:01:30.708,3.4393772079624507
15:01:33.748,2.26898590064997
15:01:36.772,4.044170009784692
15:01:39.811,4.3945222511691995
15:01:42.835,5.51090293717876
15:01:45.843,4.395281894331112
15:01:48.867,4.539399844885936
15:01:51.874,4.528099281477284
15:01:54.897,1.7362800654499773
15:01:57.907,0.1089726057529108
15:02:00.931,0.0
15:02:03.939,2.3859967521510796
15:02:06.961,3.866202863912915
15:02:09.961,4.506673976622864
15:02:12.964,4.217603573654347
15:02:15.987,2.77238977414249
15:02:18.994,0.8694129800827086
15:02:22.019,1.2518652184084416
15:02:25.033,1.469195146036192
15:02:28.055,3.5284381729320673
15:02:31.058,4.115994243696953
15:02:34.090,3.468145195960985
15:02:37.093,4.246391469605985
15:02:40.117,6.560790005235857
15:02:43.125,6.191904825273685
15:02:46.150,6.96439031568747
15:02:49.156,4.333658095252688
15:02:52.180,1.2777940634431921
15:02:55.189,0.0
15:02:58.213,0.28281542762084033
15:03:01.220,0.5037320184731565
15:03:04.242,0.03557159287851674
15:03:07.251,0.03264815933534107
15:03:10.275,0.0
15:03:13.283,3.8742100299675823
15:03:16.308,4.6199101507090745
15:03:19.315,5.159580278842984
15:03:22.339,4.656936169077126
15:03:25.351,2.6918848084174516
15:03:28.372,0.9316457605376864
15:03:31.413,0.9279604531842267
15:03:34.440,4.529777552925542
15:03:37.444,4.575496103209439
15:03:40.465,4.159730665527417
15:03:43.473,4.196697432757689
15:03:46.498,1.6362582111481363
15:03:49.506,0.7260262275868741
15:03:52.506,0.4167888904765423
15:03:55.508,0.7805736565114164
15:03:58.529,1.9542613522038292
15:04:01.538,0.4538675901923456
15:04:04.568,1.1930190545041464
15:04:07.603,1.4256989253451096
15:04:10.626,4.846183610222048
15:04:13.635,4.672216657727079
15:04:16.660,4.9732524503880855
15:04:19.699,3.7218699708896095
15:04:22.723,1.2856965542310677
15:04:25.730,0.4275026663103721
15:04:28.753,0.937635277888151
15:04:31.761,3.016719430540176
15:04:34.787,3.6532712320862606
15:04:37.801,2.819612796985148
15:04:40.823,2.8071783872846723
15:04:43.827,2.200794381371166
15:04:46.851,1.7288056679971193
15:04:49.891,1.7690393362303882
15:04:52.914,2.754439806910286
15:04:55.923,5.104106177673241
15:04:58.948,5.380752952397816
15:05:01.989,5.771449853831588
15:05:05.010,2.9088298815135563
15:05:08.019,0.7244596820787599
15:05:11.043,0.13262975161682214
15:05:14.052,0.1724254463981494
15:05:17.074,1.1614518614831846
15:05:20.082,0.6703890142864011
15:05:23.107,1.3177543707707804
15:05:26.115,1.4335157622798698
15:05:29.137,3.9012666538666094
15:05:32.209,4.854656158104578
15:05:35.233,5.155048625461306
15:05:38.242,4.715928520135333
15:05:41.265,1.8131537732630871
15:05:44.274,2.5431009681782433
15:05:47.298,3.1355350110301976
15:05:50.307,2.2547823166983227
15:05:53.331,0.25534706026307435
15:05:56.338,0.0
15:05:59.361,0.0
15:06:02.403,2.1290149036425947
15:06:05.426,0.795219569658052
15:06:08.436,0.1858646715871426
15:06:11.458,1.0740673641693546
15:06:14.467,3.001809628436261
15:06:17.495,3.594778523390733
15:06:20.497,3.5808174856418127
15:06:23.523,4.104953762730963
15:06:26.530,1.028112205914986
15:06:29.555,1.4563748169100017
15:06:32.595,1.0631799682638279
15:06:35.621,1.4731123159660513
15:06:38.626,0.8053117433579496
15:06:41.653,1.4489459084603897
15:06:44.693,1.0772449890224582
15:06:47.716,1.7215770120913267
15:06:50.721,1.9414579065471536
15:06:53.745,1.7985134006336585
15:06:56.753,1.901786456082785
15:06:59.810,1.790880573724758
15:07:02.820,1.5517462401464817
15:07:05.844,1.5753899431004503
15:07:08.851,2.7684042701189697
15:07:11.875,4.648438258864872
15:07:14.885,3.01089655177117
15:07:17.904,3.414740402797707
15:07:20.913,3.9526547364288303
15:07:23.941,5.153819223241116
15:07:26.948,3.760266219319636
15:07:29.968,6.873961992539653
15:07:33.012,2.1810980382280247
15:07:36.036,1.6041432858794742
15:07:39.041,1.4101800145847223
15:07:42.072,1.8851991515543576
15:07:45.075,2.8206507405532
15:07:48.098,4.260700957748124
15:07:51.138,4.434884583279751
15:07:54.166,3.9440069242442233
15:07:57.169,4.675199467269732
15:08:00.196,5.567842302704835
15:08:03.202,6.595992684437171
15:08:06.229,5.6340358540243605
15:08:09.235,4.025524818974388
15:08:12.260,3.9342577786163226
15:08:15.269,3.2343336269268814
15:08:18.290,1.3455234671463245
15:08:21.330,0.21349031281876177
15:08:24.355,0.05555080792621726
15:08:27.363,1.2477207315897967
15:08:30.388,3.9255571818622608
15:08:33.395,4.551401439605474
15:08:36.418,3.7314270253760013
15:08:39.457,4.710849525660603
15:08:42.482,4.090491632869561
15:08:45.492,5.388889468604112
15:08:48.514,6.638692288518958
15:08:51.522,2.9691382035982734
15:08:54.546,1.680310143550531
15:08:57.588,1.179268537856201
15:09:00.610,1.147086451954201
15:09:03.619,2.4396257757578783
15:09:06.643,2.96540507355527
15:09:09.685,3.002236518820587
15:09:12.705,2.9051292472696555
15:09:15.722,3.058184765062337
15:09:18.743,2.7303291020153053
15:09:21.746,1.7848663712989576
15:09:24.774,1.4156855388014196
15:09:27.815,1.8241040593453477
15:09:30.833,1.2167669424490954
15:09:33.844,1.4756425362323586
15:09:36.868,3.796134191133974
15:09:39.873,2.495157492870938
15:09:42.897,2.593423196842168
15:09:45.908,2.337293013611287
15:09:48.932,1.5853385779352527
15:09:51.973,0.4152040586244616
15:09:54.994,0.6189096049033408
15:09:58.004,1.047939940273452
15:10:01.034,3.6594081645476475
15:10:04.037,4.566932988079601
15:10:07.059,4.817577032801138
15:10:10.064,2.773573386030411
15:10:13.092,1.2142669715149663
15:10:16.097,0.4813364290761987
15:10:19.131,0.4796211852870918
15:10:22.163,3.2078701640197202
15:10:25.187,5.926545698339445
15:10:28.194,6.144371735810151
15:10:31.218,5.4787957915937
15:10:34.260,4.580176016466203
15:10:37.283,5.2666508091189606
15:10:40.290,5.89568783121149
15:10:43.315,4.858546070124841
15:10:46.324,3.4930072062876634
15:10:49.346,4.860853825134676
15:10:52.354,4.697513316107
15:10:55.411,3.792726432719723
15:10:58.420,1.8412722967873973
15:11:01.442,1.1609655521646434
15:11:04.452,1.0926396548506534
15:11:07.475,1.6896825592851237
15:11:10.485,0.2913778339370156
15:11:13.508,0.0
15:11:16.552,0.12166668682750767
15:11:19.569,1.2268001158431354
15:11:22.608,1.6246293554780997
15:11:25.636,3.2645761260972956
15:11:28.643,2.109440410991527
15:11:31.667,4.216900216677564
15:11:34.673,5.739716696566978
15:11:37.699,5.469174155300792
15:11:40.707,5.603976098190903
15:11:43.732,4.229123155237824
15:11:46.737,3.7774852006294326
15:11:49.769,3.313680343323141
15:11:52.771,5.226330524051477
15:11:55.796,4.834320342193315
15:11:58.802,4.341389692766448
15:12:01.825,4.286667168220212
15:12:04.869,4.292368374812517
15:12:07.895,4.284492886411119
15:12:10.898,4.512306172871394
15:12:13.921,2.997963396849087
15:12:16.963,1.6267349600827257
15:12:19.986,1.6058928476301664
15:12:22.993,0.8820063644970074
15:12:26.024,1.8085625421144367
15:12:29.027,2.7685320626273486
15:12:32.049,3.0153462243682223
15:12:35.090,3.2094225022881537
15:12:38.113,2.9862577508577393
15:12:41.124,2.7880895222177253
15:12:44.145,2.8901276946515493
15:12:47.154,2.9991378203593477
15:12:50.180,4.4612186449357045
15:12:53.185,4.639217781348267
15:12:56.244,5.38376221104658
15:12:59.254,3.5461720454843895
15:13:02.274,1.2534922406044224
15:13:05.291,0.49112971728826815
15:13:08.306,0.44390447141104705
15:13:11.314,1.5181396504766786
15:13:14.339,0.7092319796650945
15:13:17.346,0.6114328498336231
15:13:20.373,0.0
15:13:23.447,2.931498447229262
15:13:26.467,3.461066708692078
15:13:29.474,4.328489969098364
15:13:32.477,3.7229583757163454
15:13:35.505,3.8286030568333493
15:13:38.532,4.525705511232017
15:13:41.538,4.0077659469472495
15:13:44.564,5.553052984604905
15:13:47.572,3.484078714793506
15:13:50.595,1.9040266760715252
15:13:53.634,1.8808716559439655
15:13:56.657,2.4136517203062127
15:13:59.667,1.6107051761169178
15:14:02.691,0.9929483711285211
15:14:05.697,0.39455848704108326
15:14:08.722,2.9715776717423816
15:14:11.737,4.500822003145736
15:14:14.754,5.248496018590428
15:14:17.762,5.173450492021657
15:14:20.794,1.5704871659258162
15:14:23.828,0.0596844447929069
15:14:26.850,0.47979461908582377
15:14:29.860,0.33272541188712057
15:14:32.885,2.0868399014577435
15:14:35.925,1.5742808918453712
15:14:38.948,2.3876135897973993
15:14:41.955,3.2915772443877116
15:14:44.981,4.3826857559527985
15:14:47.986,4.393719276656839
15:14:51.044,4.567705496935488
15:14:54.052,2.4458401780931194
15:14:57.076,0.6293397193596135
15:15:00.092,0.12425850926666374
15:15:03.115,0.6530917725826493
15:15:06.146,4.015881322944524
15:15:09.179,5.768552886833222
15:15:12.179,5.862814445765464
15:15:15.206,6.378643823773567
15:15:18.244,4.124087375101735
15:15:21.268,3.898453196601909
15:15:24.276,3.5393076952386573
15:15:27.300,3.48075382216202
15:15:30.307,3.707914015426554
15:15:33.332,3.3835799590461972
15:15:36.341,4.132106325874931
15:15:39.362,3.9938026194513823
15:15:42.373,3.7088205160998737
15:15:45.397,3.2867686127652482
15:15:48.403,3.362748128925458
15:15:51.428,2.355243855217166
15:15:54.435,1.0970836613375439
15:15:57.460,0.5474082588664059
15:16:00.505,0.7086073576504842
15:16:03.523,2.2270114540916306
15:16:06.539,2.25876257428432
15:16:09.556,2.0430397245044953
15:16:12.563,3.187516711393819
15:16:15.593,3.7962596754392948
15:16:18.627,3.5610190038127496
15:16:21.658,3.364782676957548
15:16:24.667,3.3410902771889743
15:16:27.685,3.806598654651084
15:16:30.690,3.878999129352465
15:16:33.694,3.6006369195936405
15:16:36.724,2.315596579749214
15:16:39.749,2.3249920029159785
15:16:42.790,2.129288606235231
15:16:45.843,2.8577868160365814
15:16:48.853,2.3217242090701538
15:16:51.877,2.482143834450333
15:16:54.885,2.952636140759375
15:16:57.909,1.7340918824340033
15:17:00.916,2.465103081885816
15:17:03.939,1.80208311791022
15:17:06.949,1.3415111155913388
15:17:09.971,3.4115155287848644
15:17:12.978,1.3392762153276083
15:17:16.005,0.4581155847246994
15:17:19.046,0.5634313090522104
15:17:22.067,1.5846135336686507
15:17:25.077,1.9926052935739837
15:17:28.100,1.9938667539474115
15:17:31.108,2.919124101242756
15:17:34.131,2.6095174458134878
15:17:37.149,2.631127226369211
15:17:40.161,2.5174211580831125
15:17:43.172,3.360347484891166
15:17:46.194,7.489770566419559
15:17:49.234,6.386957351042609
15:17:52.260,5.924457592435346
15:17:55.270,3.301524816348925
15:17:58.301,0.9032508835532108
15:18:01.330,0.3308402350643835
15:18:04.354,0.7083106591864298
15:18:07.362,2.853057472949177
15:18:10.389,2.545919555271079
15:18:13.398,2.915536317873566
15:18:16.420,4.604230321118589
15:18:19.427,5.125485747056189
15:18:22.449,3.6036838673610254
15:18:25.464,5.023051265726387
15:18:28.483,2.9560300605989185
15:18:31.524,1.2902440949987257
15:18:34.547,1.2218564254038997
15:18:37.555,0.5443594374762531
15:18:40.581,1.8254484469287466
15:18:43.620,4.576054324655761
15:18:46.642,3.5830951948087266
15:18:49.657,3.4894968271109885
15:18:52.673,1.4519048619873625
15:18:55.683,1.5115083961036222
15:18:58.709,0.9457611906544912
15:19:01.715,1.4630826629147964
15:19:04.741,3.131453477617533
15:19:07.780,2.313700476856354
15:19:10.804,2.353248830769512
15:19:13.850,1.7100998127217655
15:19:16.869,0.5857686800606852
15:19:19.876,0.06451345008641217
15:19:22.900,0.15374578081370716
15:19:25.909,2.486218040756042
15:19:28.933,5.998067523243691
15:19:31.940,7.2232645200514005
15:19:34.963,7.226493066654294
15:19:37.977,4.931228094959963
15:19:40.995,5.8056430165927315
15:19:44.004,3.851194309130689
15:19:47.028,5.902357440372731
15:19:50.036,5.655185373733054
15:19:53.060,5.993062176901556
15:19:56.101,5.8990011477980735
15:19:59.124,3.067099695035301
15:20:02.133,0.32436599026927615
15:20:05.157,0.0
15:20:08.197,0.0581127792395398
15:20:11.219,2.174242939885489
15:20:14.229,3.328427990649005
15:20:17.252,3.0272190008219915
15:20:20.261,2.818535708539945
15:20:23.284,1.427565763367638
15:20:26.290,0.47011077593736117
15:20:29.316,0.7612990351648571
15:20:32.324,2.414077861117297
15:20:35.347,3.35839713576793
15:20:38.388,2.995507149727165
15:20:41.445,2.8706162280731333
15:20:44.451,3.9205502383006463
15:20:47.477,1.9334883758006278
15:20:50.485,2.564142223996454
15:20:53.512,2.0247732536797836
15:20:56.517,3.151112561313734
15:20:59.539,3.1996257689010363
15:21:02.547,2.3026608250693594
15:21:05.570,3.005341001147974
15:21:08.644,3.3501404811372457
15:21:11.669,3.5211320367380248
15:21:14.677,3.3494323920800397
15:21:17.699,3.7113672269329165
15:21:20.708,2.760641010640759
15:21:23.730,2.302276551735794
15:21:26.741,2.3481439729377875
15:21:29.772,2.326057608524391
15:21:32.773,2.3763625982098495
15:21:35.796,2.0206429182480994
15:21:38.803,1.6352131934365854
15:21:41.827,5.449235619924488
15:21:44.842,5.871505872202365
15:21:47.859,7.36666984374731
15:21:50.899,7.750297830384138
15:21:53.923,4.289455664446368
15:21:56.931,4.940038728560337
15:21:59.954,5.179894346331237
15:22:02.966,3.307346962956533
15:22:05.988,1.8100632559509549
15:22:08.997,0.9713302808276834
15:22:12.018,0.8841209425993857
15:22:15.061,3.127299223904097
15:22:18.083,6.421577525472783
15:22:21.092,3.5981687499057573
15:22:24.117,1.255024918074299
15:22:27.122,5.088467418509003
15:22:30.147,5.514239686711071
15:22:33.153,5.734444867956867
15:22:36.154,5.215155571237526
15:22:39.174,0.9030659255871207
15:22:42.180,0.9573859431935322
15:22:45.193,1.043724550311474
15:22:48.244,0.4813555236032066
15:22:51.268,0.30812095569446585
15:22:54.277,0.20194782544542159
15:22:57.305,0.18785530796411
15:23:00.309,2.3954135752252883
15:23:03.331,2.619679569848574
15:23:06.339,1.770617505726618
15:23:09.368,1.934394604849672
15:23:12.373,1.3073913581958492
15:23:15.388,0.07334388927170646
15:23:18.406,0.09585818178295485
15:23:21.429,0.39955120385246795
15:23:24.437,4.533649937022094
15:23:27.461,5.213771989321164
15:23:30.469,4.783711425164552
15:23:33.492,4.7299673808512415
15:23:36.499,5.709699219673043
15:23:39.525,5.7689432217937595
15:23:42.530,5.005146773112046
15:23:45.556,5.795634720404344
15:23:48.564,6.302425146470563
15:23:51.587,7.445572597873187
15:23:54.597,6.619991273966108
15:23:57.618,4.001750880826456
15:24:00.628,3.298505231419075
15:24:03.652,3.320371033105313
15:24:06.661,2.7956287450402515
15:24:09.684,2.129225033698505
15:24:12.691,2.2622609619629914
15:24:15.724,2.1696634047531074
15:24:18.731,1.8428513169383045
15:24:21.747,2.3813991155633727
15:24:24.756,2.173532598529286
15:24:27.781,1.709558142155237
15:24:30.788,1.558180399477682
15:24:33.844,0.6611549362193613
15:24:36.852,2.0357125694587697
15:24:39.879,0.9735649219030879
15:24:42.884,1.8210321847099291
15:24:45.908,1.5856075011396937
15:24:48.920,1.8563138868244449
15:24:51.941,1.113219993838976
15:24:54.949,2.6654191574276687
15:24:57.970,0.38132237614939407
15:25:00.981,0.7522247269610983
15:25:04.004,2.2592489496853774
15:25:07.013,3.056359082993623
15:25:10.037,3.8968653374600866
15:25:13.076,3.683215896330828
15:25:16.099,2.5133475651104336
15:25:19.107,1.1615901599455711
15:25:22.132,0.3681107500898115
15:25:25.138,0.6884507769078215
15:25:28.164,3.9125440612193176
15:25:31.173,4.356305676859709
15:25:34.198,3.9535164717605324
15:25:37.234,3.7546801929751226
15:25:40.258,4.321343583488947
15:25:43.268,4.092986556001899
15:25:46.293,3.984094800312721
15:25:49.332,3.446780530473965
15:25:52.356,4.537385979466021
15:25:55.363,7.389634922411175
15:25:58.389,6.860798918200145
15:26:01.396,5.051933507144448
15:26:04.420,4.323137411001505
15:26:07.461,6.123288793006735
15:26:10.486,5.851181164070355
15:26:13.491,1.8038898291030774
15:26:16.516,1.3534861423960283
15:26:19.523,0.7307962468716873
15:26:22.548,0.6761830227763769
15:26:25.556,4.825039593291502
15:26:28.578,6.254766770098062
15:26:31.594,6.77931100179242
15:26:34.612,7.046636863329867
15:26:37.652,4.349756845676993
15:26:40.677,2.0477130375662154
15:26:43.685,2.837881238138731
15:26:46.709,3.178352461770385
15:26:49.747,2.981259122811455
15:26:52.772,2.8304325482721335
15:26:55.781,3.2485976845284754
15:26:58.804,3.2860482137808216
15:27:01.812,3.4455840674243166
15:27:04.842,4.806908170972255
15:27:07.878,3.8497296542877386
15:27:10.904,3.491171164493789
15:27:13.910,2.174507995482501
15:27:16.933,3.132588110216349
15:27:19.942,3.4104167840675492
15:27:22.966,4.768986683262625
15:27:25.974,5.686795555052657
15:27:28.998,5.949941483647758
15:27:32.005,5.882064732553506
15:27:35.028,4.806806556807542
15:27:38.068,5.586171456957453
15:27:41.092,5.224527995362926
15:27:44.100,2.779845908025365
15:27:47.124,0.641673738389043
15:27:50.164,0.05651723189308062
15:27:53.189,1.0965358883490708
15:27:56.196,0.6899874334858307
15:27:59.220,0.3221075357916573
15:28:02.229,0.05326734028169706
15:28:05.252,1.2201911799400098
15:28:08.293,1.6408848706300476
15:28:11.316,1.798221321375528
15:28:14.326,1.5131289717329188
15:28:17.349,3.777794136131808
15:28:20.355,6.328438651246318
15:28:23.383,6.151689825508384
15:28:26.390,7.178138036725229
15:28:29.415,3.5881835848695327
15:28:32.420,1.7534038502918667
15:28:35.478,1.5418102660511053
15:28:38.486,2.4880077130899023
15:28:41.509,3.1979659759814965
15:28:44.517,2.938917994460998
15:28:47.541,3.4766541337164254
15:28:50.548,4.704856570104239
15:28:53.573,5.6537653807248685
15:28:56.613,4.224345895563664
15:28:59.637,3.8857152548559664
15:29:02.681,3.6321471064905446
15:29:05.699,3.163020388280053
15:29:08.708,3.297277319069537
15:29:11.733,3.5493315927112237
15:29:14.742,2.6634120499504528
15:29:17.762,2.4382055923492993
15:29:20.777,2.6971822848632288
15:29:23.794,3.5541863788166475
15:29:26.804,2.9638966005357816
15:29:29.830,3.1546505854478615
15:29:32.838,3.1726262312906375
15:29:35.861,5.331654544207881
15:29:38.904,3.5410940961004904
15:29:41.926,2.683006178821966
15:29:44.933,2.7455000591580365
15:29:47.958,2.2654652525163494
15:29:50.998,1.2134242311358658
15:29:54.021,0.8676277959888488
15:29:57.033,1.0780053595342403
15:30:00.054,1.9539775316795485
15:30:03.060,0.06706089151573154
15:30:06.085,0.2030902788671799
15:30:09.093,0.3821896348967568
15:30:12.118,1.6225460534908112
15:30:15.126,1.61094003701543
15:30:18.147,1.8799624085569857
15:30:21.157,1.57054851049693
15:30:24.181,2.467147478574248
15:30:27.220,2.3761250574758703
15:30:30.279,2.663551713043462
15:30:33.285,2.997809838963763
15:30:36.309,2.732672498299605
15:30:39.318,2.6504794879984064
15:30:42.340,4.049731370542124
15:30:45.349,3.4436008307073025
15:30:48.372,2.4749632844647214
15:30:51.381,1.9375416605904356
15:30:54.404,3.736768425461086
15:30:57.476,5.887316871305115
15:31:00.501,6.228711136908946
15:31:03.507,5.140352112046798
15:31:06.531,5.526941437942166
15:31:09.539,3.2883594647389347
15:31:12.564,2.4354736973483826
15:31:15.572,1.5781438904981955
15:31:18.595,4.265329783669997
15:31:21.603,5.85442748049105
15:31:24.628,4.35281511961908
15:31:27.636,3.9025170238664613
15:31:30.661,2.1769014984151993
15:31:33.669,1.2462586984796267
15:31:36.692,1.4546405436893923
15:31:39.699,1.927303306037338
15:31:42.725,5.1544809504471925
15:31:45.763,5.976140583486795
15:31:48.793,6.596024506392856
15:31:51.801,3.7654171038814095
15:31:54.821,0.5888770254229665
15:31:57.859,0.625585031964376
15:32:00.885,0.0
15:32:03.891,2.9810454760851766
15:32:06.918,5.079629404018142
15:32:09.923,6.313691997842351
15:32:12.950,6.4503987991873775
15:32:15.989,3.2033966881323406
15:32:18.990,1.7725070078736724
15:32:22.022,1.1407750335400448
15:32:25.076,1.9870101000394709
15:32:28.083,2.8448962775590427
15:32:31.107,2.4802363162048957
15:32:34.116,3.5673217587935135
15:32:37.142,3.3809314816999203
15:32:40.148,3.0372877696967353
15:32:43.173,4.33359953776553
15:32:46.188,4.359910395629092
15:32:49.205,6.107360192928247
15:32:52.211,5.627771547163422
15:32:55.237,4.6126650699784335
15:32:58.276,4.8557931923440565
15:33:01.302,5.191838375748979
15:33:07.335,1.7067419139318711
15:33:10.341,1.5906814463175034
15:33:13.364,2.426119400572957
15:33:16.373,2.5226405132239997
15:33:19.397,2.4306797745909523
15:33:22.404,3.7039882732623988
15:33:25.426,5.637648908219161
15:33:28.467,6.3475278332682326
15:33:31.494,5.957043742504141
15:33:34.501,5.2825811400199765
15:33:37.523,5.309848876450769
15:33:40.534,4.226455892442155
15:33:43.556,5.462161281706115
15:33:46.597,6.014273690661113
15:33:49.619,4.305167768271917
15:33:52.627,3.845324341820129
15:33:55.659,3.4038883478232616
15:33:58.692,3.7593336392546295
15:34:01.718,4.998435340943398
15:34:04.725,3.8739395793799143
15:34:07.750,3.828851249179965
15:34:10.758,2.2440312658608033
15:34:13.782,1.3437585745039684
15:34:16.820,0.5691167629489386
15:34:19.875,1.7897492601966292
15:34:22.886,1.6281005164251068
15:34:25.909,1.1680642581797873
15:34:28.926,1.9881060386542697
15:34:31.940,0.26319922967393833
15:34:40.982,2.0991810185593103
15:34:44.004,1.327013893539363
15:34:47.013,1.0232980001285508
15:34:50.041,1.1142986035160336
15:34:53.077,2.1959221283712123
15:34:56.099,6.445308380126063
15:34:59.109,6.049954213078101
15:35:02.132,5.746354470336883
15:35:05.141,6.527240013203057
15:35:08.166,5.31079781822885
15:35:11.172,4.041299746913294
15:35:14.198,3.4993522226669467
15:35:17.237,5.404844006201893
15:35:20.263,2.591896173436881
15:35:23.269,4.306225590871409
15:35:26.292,5.456294641998537
15:35:29.299,4.09373743007222
15:35:32.332,3.4070912084109666
15:35:35.364,3.183385577862122
15:35:38.390,4.561671149292104
15:35:41.397,4.4939214494359785
15:35:44.420,4.423095452665175
15:35:47.428,4.372976693288216
15:35:50.451,3.124199099953158
15:35:53.460,2.460640591135291
15:35:56.485,0.984786506233416
15:35:59.497,1.9211953708085805
15:36:02.515,2.9592337788069214
15:36:05.559,3.699212896519468
15:36:08.580,3.4412720467201257
15:36:11.588,1.919218855126214
15:36:14.614,1.4322941091086052
15:36:17.655,1.3045508603543199
15:36:20.708,2.305228042606358
15:36:23.717,2.944983732725547
15:36:26.742,4.246241289981571
15:36:29.747,5.080766653890599
15:36:32.773,5.498816143561847
15:36:35.782,3.1130773068607884
15:36:38.806,1.2560507821017322
15:36:41.814,1.1489085489653785
15:36:44.836,1.1154661673623993
15:36:47.842,2.3554484181857696
15:36:50.869,3.8272939371390975
15:36:53.876,3.8722952101847383
15:36:56.901,3.3310844507679254
15:36:59.946,0.31016921043704154
15:37:02.964,0.0
15:37:05.973,0.0
15:37:09.002,0.3737307255395921
15:37:12.006,4.864586424553103
15:37:15.030,3.715460682628036
15:37:18.036,4.209446956764139
15:37:21.061,4.261468859651688
15:37:24.070,3.041995112420339
15:37:27.091,2.4666679413511026
15:37:30.133,2.3937195421940114
15:37:33.156,5.087372370530288
15:37:36.164,4.5711619391726215
15:37:39.190,4.563607248380228
15:37:42.196,4.3315063051337495
15:37:45.222,2.8533702117007134
15:37:48.261,2.7665732104435388
15:37:51.285,4.001042807727549
15:37:54.293,3.1226254978219363
15:37:57.318,2.554731714352507
15:38:00.326,4.256385716214823
15:38:03.350,3.4410976250646077
15:38:06.390,3.753729488934078
15:38:09.413,1.027864018130088
15:38:12.420,3.587196847096723
15:38:15.444,2.543306515698927
15:38:18.452,2.7862796657252296
15:38:21.509,4.668702301600429
15:38:24.521,5.235466661440978
15:38:27.539,5.662480910821825
15:38:30.550,5.8217301856034895
15:38:33.572,4.011767449166778
15:38:36.582,3.68495727081768
15:38:39.606,3.107175630094221
15:38:42.618,2.8122486289840487
15:38:45.643,2.78712328999524
15:38:48.708,2.7379732985584124
15:38:51.733,2.7646370794770685
15:38:54.740,1.9235230452297851
15:38:57.764,1.7628514984260624
15:39:00.774,1.2822164894167287
15:39:03.797,1.1320969603173587
15:39:06.807,0.4832411289449337
15:39:09.830,0.783559097374601
15:39:12.838,1.2782178396683594
15:39:15.861,3.6031024598294654
15:39:18.870,5.420991583291939
15:39:21.892,4.668800382927524
15:39:24.901,4.206626743561784
15:39:27.927,2.521276785554443
15:39:30.934,2.0743001793911273
15:39:33.963,2.1093584021280414
15:39:37.002,2.7170090749150844
15:39:40.020,3.0873752705001007
15:39:43.029,2.6875004583432776
15:39:46.056,2.6560557882122042
15:39:49.094,1.9223034341169416
15:39:52.123,0.985086631931083
15:39:55.127,0.5567157119677634
15:39:58.149,1.7142255546998784
15:40:01.158,3.8271932669140223
15:40:04.182,4.7349610109580675
15:40:07.192,5.155924890634445
15:40:10.214,4.1716811254417525
15:40:13.221,2.8323323346960456
15:40:16.247,3.5263535258604923
15:40:19.286,2.91182102971192
15:40:22.308,2.385089403252473
15:40:25.320,1.827856927400924
15:40:28.343,2.4809890769926577
15:40:31.383,2.140209917899073
15:40:34.405,2.578680801259509
15:40:37.420,1.879475036453336
15:40:40.436,1.1333761627792966
15:40:43.453,3.030289989498073
15:40:46.470,5.387908044196934
15:40:49.509,6.166710579309901
15:40:52.534,5.186751248983435
15:40:55.543,5.154127774015895
15:40:58.567,4.969077094770098
15:41:01.574,3.5458487766138385
15:41:04.597,2.7316081123957647
15:41:07.608,3.706492659122179
15:41:10.630,2.176886597427448
15:41:13.671,1.9107876914409556
15:41:16.694,2.6628505036054717
15:41:19.700,3.2061162756274637
15:41:22.726,2.4596006650606603
15:41:25.733,2.934103408099386
15:41:28.759,3.7246724405878258
15:41:31.799,3.8255644235578368
15:41:34.820,3.67881871096883
15:41:37.829,3.1797730715534547
15:41:40.854,3.4507956437749234
15:41:43.863,2.2346173660507254
15:41:46.886,2.332526186213924
15:41:49.894,2.6097085351229348
15:41:52.918,4.740407642125474
15:41:55.928,6.544320148983559
15:41:58.949,5.721922027283372
15:42:01.989,5.858623638521148
15:42:05.012,2.1388111991601897
15:42:08.020,1.8600899078106368
15:42:11.046,2.021736436799985
15:42:14.086,1.91301855931966
15:42:17.111,1.634057380123702
15:42:20.120,0.3064400171159937
15:42:23.141,0.261897097114563
15:42:26.148,1.8679225555382066
15:42:29.174,0.8774506910557055
15:42:32.182,0.9500021847068183
15:42:35.204,0.6274274198291102
15:42:38.246,1.8800014185620317
15:42:41.271,0.4503325621423807
15:42:44.309,2.145059913661482
15:42:47.334,0.8375477560063306
15:42:50.343,3.194085400737803
15:42:53.364,4.412427074830098
15:42:56.375,4.1691031868418875
15:42:59.398,3.470704885584604
15:43:02.407,1.153624468777912
15:43:05.431,0.49320722612840984
15:43:08.470,0.4518604027181613
15:43:11.495,1.622953343751222
15:43:14.502,1.133163457733059
15:43:17.524,0.227361045074705
15:43:20.534,1.2044748839854063
15:43:23.557,1.1521065633223204
15:43:26.566,1.3314265978140314
15:43:29.591,1.5195568839827176
15:43:32.597,1.7450654452347558
15:43:35.620,0.8815419611459056
15:43:38.629,0.6079935210740972
15:43:41.654,0.08077076057594164
15:43:44.694,0.4352043483612365
15:43:47.694,2.2932322242443366
15:43:50.726,3.375177757836257
15:43:53.748,2.6008081967601484
15:43:56.790,2.0002679455893015
15:44:05.844,0.1807730731021766
15:44:08.887,2.687122914671862
15:44:11.912,2.9611737016527746
15:44:14.915,3.2308420607211894
15:44:17.942,4.000758111363476
15:44:20.954,2.861742041802377
15:44:23.974,1.8395038143594247
15:44:26.987,4.023711410528976
15:44:30.005,3.846557672164214
15:44:33.013,0.4977756466888206
15:44:36.037,0.7016634806909227
15:44:39.046,0.6624531342973711
15:44:42.071,2.243021034450311
15:44:45.108,3.411808004992555
15:44:48.141,3.8075866800288205
15:44:51.174,3.577253388938629
15:44:54.196,3.3008355061114303
15:44:57.206,2.855050544419107
15:45:00.231,2.464879163661985
15:45:03.238,2.4288550465571555
15:45:06.260,2.4053654822876016
15:45:09.269,2.016055167530888
15:45:12.294,1.986246359353959
15:45:15.333,1.390418082103008
15:45:18.360,0.7874851894920247
15:45:21.367,0.12396700365859284
15:45:24.389,0.0026779621618841
15:45:27.397,0.12282391711422705
15:45:30.424,0.9388331595050837
15:45:33.428,3.7229204046646047
15:45:36.454,4.216967510858474
15:45:39.462,2.420331712959912
15:45:42.485,0.6526471004637057
15:45:51.558,1.7004549063163412
15:45:54.582,2.945561203475441
15:45:57.591,3.033695113389524
15:46:00.611,2.7028988416507
15:46:03.654,3.8048238563870016
15:46:06.710,4.15629855175861
15:46:09.718,2.907642281211133
15:46:12.747,4.052341216781523
15:46:15.750,5.855323612910559
15:46:18.775,4.881462102220394
15:46:21.780,5.526727136230916
15:46:24.806,2.2830666629769545
15:46:27.814,0.7400383756066412
15:46:30.837,0.17020453845989117
15:46:33.845,2.3964321136740736
15:46:36.870,1.4055433918828595
15:46:39.908,1.1312522586543199
15:46:42.933,1.7084565095627169
15:46:45.943,1.9154130647110166
15:46:48.965,0.453148636366886
15:46:51.973,0.7014470205660338
15:46:54.997,0.0
15:46:58.004,1.4679059698597137
15:47:01.030,0.4297306936318374
15:47:04.037,1.0356763593838987
15:47:07.062,0.995955078265347
15:47:10.107,2.32353944395092
15:47:13.125,0.9683199156568567
15:47:16.141,1.1795037481217403
15:47:19.158,1.3813320126735578
15:47:22.199,1.0869756210546233
15:47:25.221,0.4590168989410684
15:47:28.231,0.22327512450331177
15:47:31.255,1.0064204710978877
15:47:34.269,3.0197025269428965
15:47:37.285,3.4955880330760225
15:47:40.325,2.950200874726687
15:47:43.351,5.043097619280886
15:47:46.359,4.697372701427137
15:47:49.382,4.348004310551176
15:47:52.390,4.56195297617488
15:47:55.414,2.833089999408799
15:47:58.422,1.881815905578477
15:48:01.445,1.5520378223185165
15:48:04.454,1.2080777342527538
15:48:07.512,1.8239168333020286
15:48:10.518,1.083338717571452
15:48:13.542,0.6977444436822711
15:48:16.551,2.5999175198618136
15:48:19.578,5.123946984775078
15:48:22.583,5.557154745831139
15:48:25.606,4.704455964351662
15:48:28.644,3.417687676056094
15:48:31.675,1.9213259130753262
15:48:34.715,0.0
15:48:37.735,0.22646398280695582
15:48:40.743,5.056907664052999
15:48:43.766,5.31695232308896
15:48:46.773,4.662029537422297
15:48:49.797,4.318378088754592
15:48:52.806,5.648963148118278
15:48:55.831,6.61075274898746
15:48:58.836,5.820984971986366
15:49:01.862,5.797305499914622
15:49:04.902,3.643361999713056
15:49:07.927,2.741331000592692
15:49:10.935,2.6926416661617742
15:49:13.958,1.9064379363547692
15:49:16.966,0.9413484442972382
15:49:19.992,0.42934611062589306
15:49:22.999,0.8089725737422809
15:49:26.020,2.0665966842617913
15:49:29.061,2.076243396835726
15:49:32.086,2.07028564077863
15:49:35.093,1.9930967225286669
15:49:38.118,4.581879123568166
15:49:41.157,5.372534925351461
15:49:44.182,4.866749161025404
15:49:47.190,3.752628835192699
15:49:50.215,2.5710681415814625
15:49:53.222,1.3466108571195388
15:49:56.247,1.3168278741321127
15:49:59.253,1.7657185816734622
15:50:02.311,1.3365091962203084
15:50:05.319,0.15920933685143326
15:50:08.342,2.035730068390194
15:50:11.349,2.9427565461743233
15:50:14.375,5.099670619601671
15:50:17.383,4.924463161706075
15:50:20.407,5.239390406741272
15:50:23.413,6.424007486805273
15:50:26.440,7.077663870552911
15:50:29.511,7.642139621456153
15:50:32.535,6.657749836020674
15:50:35.542,5.45813000158908
15:50:38.566,4.8595573873246
15:50:41.573,4.48749771462154
15:50:44.598,1.6710471823777198
15:50:47.605,1.2560793598596445
15:50:50.630,0.5456334594074161
15:50:53.638,0.31818869094722685
15:50:56.663,2.978243216818153
15:50:59.677,3.169907120862536
15:51:02.697,2.3768595674412967
15:51:05.705,2.5930700765611805
15:51:08.727,1.3460682562500865
15:51:11.767,0.678028803837481
15:51:14.795,0.9102016544085296
15:51:17.799,2.46003510988676
15:51:20.831,6.1045274250822725
15:51:23.863,5.622113094446955
15:51:26.886,7.428336727552694
15:51:29.897,4.371548213458443
15:51:32.917,3.7612635398133665
15:51:35.927,3.2553865506780317
15:51:38.952,3.493762340551921
15:51:41.959,3.80233448590346
15:51:44.982,3.689614159153528
15:51:47.990,3.960148840324852
15:51:51.015,3.968454113658086
15:51:54.056,1.9297663778839373
15:51:57.111,2.001882458910007
15:52:00.120,2.1166781585310157
15:52:03.142,2.3436047085723324
15:52:06.150,2.206317133655067
15:52:09.175,1.6954198796597466
15:52:12.184,1.732814630087946
15:52:15.207,5.528213872481823
15:52:18.213,5.338821090554527
15:52:21.238,5.774608294219379
15:52:24.245,4.86874692430914
15:52:27.270,4.367489214721082
15:52:30.310,6.005345742642712
15:52:33.336,6.567389563445068
15:52:36.342,6.626284274275865
15:52:39.367,3.25763361030541
15:52:42.374,3.052645737250886
15:52:45.397,3.138246806057448
15:52:48.405,3.4085156444205853
15:52:51.430,3.45021756227382
15:52:54.439,4.182242580377605
15:52:57.464,3.7930002857794
15:53:00.503,2.4516843604879837
15:53:03.527,2.081007390609163
15:53:06.535,2.1903448305309787
15:53:09.567,1.2867339909288087
15:53:12.600,3.6430486728479052
15:53:15.622,2.715336764351451
15:53:18.632,2.1009414210330117
15:53:21.654,3.6634403088689806
15:53:24.663,1.7499435809877468
15:53:30.727,0.4315286934542018
15:53:33.750,0.0
15:53:36.758,0.0
15:53:39.787,0.0
16:00:00.376,0.8222618223658454
