Time,Speed (cm/s)
12:37:46.234,1.1892149635081877
12:37:49.239,0.9528223956824188
12:37:52.246,1.6501861009620782
12:37:55.255,1.6617062785504
12:37:58.258,4.232291011082235
12:38:01.266,4.9461432879272
12:38:04.276,4.193930455110634
12:38:07.278,4.129386112093548
12:38:10.287,3.031424237515883
12:38:13.304,2.829187717394223
12:38:16.335,3.9036759454568353
12:38:19.343,2.941728600958692
12:38:22.352,5.609049014399707
12:38:25.356,4.834160809593838
12:38:28.363,4.203987902603606
12:38:31.371,4.769052365912301
12:38:34.375,3.8163686782204618
12:38:37.383,4.56526536400604
12:38:40.392,3.8141818315202447
12:38:43.397,3.896118551929757
12:38:46.404,1.582760618950176
12:38:49.411,2.3284542716429986
12:38:52.416,3.284527412251933
12:38:55.424,3.88489360476098
12:38:58.432,4.301245623556993
12:39:01.439,3.4449717159514934
12:39:04.445,2.0334237777095483
12:39:07.453,1.3207528874774175
12:39:10.459,2.1735179228278136
12:39:13.464,4.287259000059795
12:39:16.472,5.137162508256285
12:39:19.480,3.678092343157999
12:39:22.487,0.6180527316938405
12:39:25.492,0.09564680818613151
12:39:28.501,2.037500762609843
12:39:31.508,3.338902823151893
12:39:34.516,4.1375627918025195
12:39:37.520,2.19008350699403
12:39:40.530,0.3032785968871792
12:39:43.535,0.0
12:39:46.539,0.4613185403467549
12:39:49.549,1.8241645811119291
12:39:52.556,2.994038430470076
12:39:55.560,4.003423703192194
12:39:58.569,2.842320276249632
12:40:01.577,2.2157134844757405
12:40:04.584,1.9555569436404459
12:40:07.588,3.9120377869369456
12:40:10.598,3.550662639090114
12:40:13.604,3.9820421196402815
12:40:16.608,2.9017712246699228
12:40:19.617,3.248430970858809
12:40:22.625,3.58553809105301
12:40:25.633,3.697372698201231
12:40:28.637,3.358591010577886
12:40:31.647,4.2460378831636705
12:40:34.653,2.6118850531365463
12:40:37.657,2.0999518266278416
12:40:40.664,1.6887748916950431
12:40:43.673,4.033259358893867
12:40:46.677,4.227170565414511
12:40:49.686,5.366940665187582
12:40:52.692,6.396250840683051
12:40:55.701,3.1163211087162677
12:40:58.706,4.366734921622202
12:41:01.713,2.275588469759553
12:41:04.723,3.035272438698607
12:41:07.726,2.9142339408736353
12:41:10.734,3.210037783367486
12:41:13.741,2.1143873067885277
12:41:16.746,1.700660769330625
12:41:19.753,2.3302976890258096
12:41:22.762,1.5150312489880526
12:41:25.769,0.489662666531863
12:41:28.779,3.0815151811531174
12:41:31.782,4.427217313340979
12:41:34.788,5.602430774398066
12:41:37.794,3.597093558637377
12:41:40.803,2.0905238737120357
12:41:43.809,1.9041936356294484
12:41:46.818,2.809815467163775
12:41:49.821,2.9010348429824377
12:41:52.830,2.9467785084127507
12:41:55.837,2.790001101735263
12:41:58.848,1.1863668033059285
12:42:01.851,0.5467139635137678
12:42:04.859,2.4830388363041482
12:42:07.865,3.098576493203869
12:42:10.869,4.603928946453785
12:42:13.878,3.897537296051635
12:42:16.887,2.5761716951184668
12:42:19.890,2.4286248093474243
12:42:22.900,1.885781584474861
12:42:25.907,2.9557641242073633
12:42:28.914,2.327048604031127
12:42:31.919,2.7624283648575583
12:42:34.929,2.3484227082088847
12:42:37.934,1.7552005476037473
12:42:40.938,2.585262685317623
12:42:43.947,4.951856121894589
12:42:46.954,5.451992532715141
12:42:49.962,5.944145990263051
12:42:52.967,4.328660213046161
12:42:55.974,3.3299971832449806
12:42:58.983,3.871407072033837
12:43:01.987,2.6980785988103833
12:43:04.993,2.841053532769192
12:43:08.004,3.065001121989999
12:43:11.012,4.637547149380996
12:43:14.014,3.7186170806074212
12:43:17.023,3.0370830546076046
12:43:20.030,3.4455868105850596
12:43:23.038,3.0101583409408215
12:43:26.043,2.462953055785318
12:43:29.051,3.373107165243373
12:43:32.055,1.946817910766854
12:43:35.063,3.122189479328398
12:43:38.071,5.944740661815779
12:43:41.079,6.124154036576157
12:43:44.083,5.737090226902745
12:43:47.093,3.5403497768572545
12:43:50.099,1.274481231566598
12:43:53.107,0.8381826788679029
12:43:56.111,2.386334914309779
12:43:59.118,1.2808513270178268
12:44:02.127,0.39230021112263896
12:44:05.135,1.515015970044219
12:44:08.139,0.6619672498062527
12:44:11.149,1.1911842782152469
12:44:14.158,1.3738996384143787
12:44:17.161,1.503845256815574
12:44:20.167,1.4009056095623464
12:44:23.175,1.4217506872267862
12:44:26.180,4.101692979034263
12:44:29.188,3.8988520362889836
12:44:32.196,4.1300145888397495
12:44:35.199,1.9066462951758647
12:44:38.208,0.9321288249084694
12:44:41.216,0.45270600961761703
12:44:44.224,1.0987771134099318
12:44:47.228,1.3244659063721176
12:44:50.237,1.5526237768410343
12:44:53.244,2.188028478723767
12:44:56.250,1.361116449398602
12:44:59.257,1.6185862209591138
12:45:02.267,0.9958379259228183
12:45:05.272,0.7002146242457293
12:45:08.276,0.29808073347477854
12:45:11.284,2.8784431177812726
12:45:14.292,3.4748678993946465
12:45:17.300,3.0448299669897705
12:45:20.305,1.7862488203156193
12:45:23.312,0.359961980413511
12:45:26.321,1.4095781595460986
12:45:29.325,3.0059264457423795
12:45:32.333,3.46158623716305
12:45:35.340,3.7427725214991314
12:45:38.345,4.48607749442438
12:45:41.354,4.038530919525707
12:45:44.360,4.65804857017855
12:45:47.365,2.279016783386445
12:45:50.373,0.7685147400781213
12:45:53.383,0.42362429941858315
12:45:56.388,2.0816066025078106
12:45:59.392,5.3996866165497535
12:46:02.401,4.726545067212821
12:46:05.409,6.1272701304769255
12:46:08.417,2.923632839620841
12:46:11.421,3.291784833027894
12:46:14.430,2.6930663179549135
12:46:17.437,1.5040360118500686
12:46:20.441,2.3550028961078393
12:46:23.449,1.5432999800896507
12:46:26.458,1.3751302009103892
12:46:29.461,0.7333044998394896
12:46:32.491,0.9123462053049991
12:46:35.510,2.6548007144845425
12:46:38.517,2.6509524490524283
12:46:41.525,4.137121314935997
12:46:44.530,3.954309052578337
12:46:47.537,5.069480313893115
12:46:50.545,5.993742587703946
12:46:53.551,2.9146199982840577
12:46:56.558,1.4206493413634744
12:46:59.571,2.867644051708309
12:47:02.576,3.030847603346182
12:47:05.577,1.676668991027051
12:47:08.590,1.6301993036234272
12:47:11.593,5.206735573063022
12:47:14.597,4.523063321872781
12:47:17.606,4.820178220007908
12:47:20.613,2.889140491353621
12:47:23.621,0.035511886537166755
12:47:26.626,0.0
12:47:29.634,2.122989175030041
12:47:32.642,1.3071990504853745
12:47:35.650,1.1407292788826202
12:47:38.655,1.5942316992412082
12:47:41.662,0.31260258010687847
12:47:44.666,0.15854970778861668
12:47:47.675,0.5379993610436656
12:47:50.682,0.7581259692704203
12:47:53.690,0.9893433961824875
12:47:56.699,1.8929065903070665
12:47:59.704,1.9231454178313008
12:48:02.711,1.6298710848685125
12:48:05.720,1.1126479459836167
12:48:08.723,1.9528619388390531
12:48:11.731,0.6942428416362024
12:48:14.739,1.5559902754842534
12:48:17.743,3.2630461199891188
12:48:20.750,3.3784259055148533
12:48:23.759,4.679943577394157
12:48:26.767,3.4446873387106485
12:48:29.770,3.847965773963755
12:48:32.779,3.7523862813021225
12:48:35.788,1.9636462992011299
12:48:38.791,0.9798032867162422
12:48:41.800,1.7993229652723872
12:48:44.809,0.8049550360575268
12:48:47.814,0.8290846550104883
12:48:50.820,1.1925468023752481
12:48:53.827,4.416997674450393
12:48:56.834,4.744579172652641
12:48:59.838,4.596571725645376
12:49:02.848,2.0277835191512446
12:49:05.856,0.5504642574781639
12:49:08.866,1.7508425858465417
12:49:11.868,5.971051280304263
12:49:14.875,5.916401944268557
12:49:17.884,5.664174493110624
12:49:20.888,4.304371468270437
12:49:23.895,4.486662129302837
12:49:26.903,4.86731896952019
12:49:29.908,4.160081960711763
12:49:32.916,2.693573533176993
12:49:35.923,1.8216807915708775
12:49:38.932,1.8329266253967325
12:49:41.936,0.6218486181590469
12:49:44.944,0.6046788305005777
12:49:47.953,2.6351759406835864
12:49:50.959,2.613079125468843
12:49:53.965,2.3128512467478592
12:49:56.971,4.262887648251158
12:49:59.979,3.931503751633733
12:50:02.983,4.379758583927518
12:50:05.991,3.999313049129885
12:50:09.000,1.9679579998262924
12:50:12.004,1.622311250442121
12:50:15.012,1.9537182625507175
12:50:18.020,0.3529609927917524
12:50:21.029,0.05311113321324507
12:50:24.032,1.4399655452565896
12:50:27.039,4.743264672392499
12:50:30.048,4.926757710931227
12:50:33.053,6.552709390462269
12:50:36.060,6.379608069299102
12:50:39.068,6.27187567566202
12:50:42.077,7.449637524055698
12:50:45.081,5.885263528796472
12:50:48.088,5.380550670150564
12:50:51.097,3.2587616170020035
12:50:54.100,1.3611879395532867
12:50:57.109,0.2652819295385031
12:51:00.117,1.1685178478976745
12:51:03.121,2.966242311152725
12:51:06.129,3.3790677645996015
12:51:09.138,2.402450575543597
12:51:12.144,1.2848629169526617
12:51:15.149,0.6785845763216951
12:51:18.158,1.7693886783548027
12:51:21.165,5.72920842216584
12:51:24.169,6.45303194463687
12:51:27.180,7.0960379350827845
12:51:30.185,4.444107436241132
12:51:33.194,4.231840203784713
12:51:36.198,3.315232155543309
12:51:39.210,4.7156489717538745
12:51:42.218,4.993087937820778
12:51:45.220,5.010510949019269
12:51:48.226,2.3736054704305016
12:51:51.234,2.859797037355285
12:51:54.236,2.5586489276451974
12:51:57.244,2.988463749331041
12:52:00.253,2.980117493599415
12:52:03.263,2.7228495624524256
12:52:06.265,5.8408910940440055
12:52:09.273,6.5762061204236195
12:52:12.285,6.513096815397597
12:52:15.289,6.072751948757874
12:52:18.292,6.688822447258316
12:52:21.302,6.503866308000404
12:52:24.311,5.66128527114422
12:52:27.317,3.46478687629562
12:52:30.321,2.675225952783453
12:52:33.329,3.7235648767485703
12:52:36.337,3.3014610220854523
12:52:39.341,4.1966393963705375
12:52:42.350,3.6762918661129165
12:52:45.358,2.816344372781125
12:52:48.362,2.3992356611084453
12:52:51.371,2.507190911706628
12:52:54.379,3.380198109532761
12:52:57.385,4.30764930265131
12:53:00.390,3.0021203771756304
12:53:03.398,1.0449484339273083
12:53:06.407,0.7697244785829729
12:53:09.411,1.1816665235083963
12:53:12.418,0.9695848884439978
12:53:15.426,0.9649580947982682
12:53:18.430,2.028481994343478
12:53:21.439,3.0699147020717756
12:53:24.446,2.554522916732452
12:53:27.455,1.8723841679100188
12:53:30.459,4.696855530108802
12:53:33.467,5.411078997201944
12:53:36.475,6.23534197662749
12:53:39.482,2.8172936812418663
12:53:42.486,5.418510332174288
12:53:45.494,6.253881013178073
12:53:48.502,2.9333187387055806
12:53:51.507,1.1020187534647314
12:53:54.514,1.3631738328390872
12:53:57.522,6.196566984849012
12:54:00.527,9.855078716988254
12:54:03.535,11.480085626524083
12:54:06.543,6.23708288800722
12:54:09.550,3.2218965410330966
12:54:12.556,3.8588473355641906
12:54:15.564,3.2944708348642044
12:54:18.571,2.9408368393085675
12:54:21.574,3.402795812284891
12:54:24.583,4.649254671190766
12:54:27.590,3.9886172108899793
12:54:30.598,3.156387708204988
12:54:33.604,2.9785557152928637
12:54:36.611,1.2180434263306168
12:54:39.619,0.9891602252562827
12:54:42.623,0.8904954359039935
12:54:45.631,0.2200999965176466
12:54:48.639,0.0
12:54:51.647,5.250976316428259
12:54:54.650,5.101875483082716
12:54:57.661,7.449674331992556
12:55:00.672,7.597112750089958
12:55:03.673,9.185418857580109
12:55:06.679,7.214947296252701
12:55:09.688,7.401182842384786
12:55:12.691,3.211847609373433
12:55:15.700,2.579640642447224
12:55:18.708,2.437024440072749
12:55:21.715,2.4400690688017663
12:55:24.720,1.982002886568224
12:55:27.727,2.1200502469400946
12:55:30.735,3.002689883525719
12:55:33.740,4.328311990266351
12:55:36.748,5.124386873294941
12:55:39.757,3.4051652932677547
12:55:42.765,2.554213279385727
12:55:45.768,2.415276804555269
12:55:48.775,2.639685144894366
12:55:51.785,1.3073619809749102
12:55:54.788,2.5978438307938982
12:55:57.796,4.66119643527505
12:56:00.804,4.8210521268527895
12:56:03.813,3.7620372506328272
12:56:06.816,2.769332310946002
12:56:09.824,5.005255189536709
12:56:12.832,2.752016260786438
12:56:15.841,2.926437393900632
12:56:18.844,0.544126296863674
12:56:21.852,0.5197177267073441
12:56:24.856,4.618652020439815
12:56:27.864,6.293444287672714
12:56:30.875,6.577569600183315
12:56:33.880,6.662185353446052
12:56:36.885,6.01330031695283
12:56:39.893,5.9584938280097
12:56:42.901,4.125539404798573
12:56:45.911,2.5371950849421996
12:56:48.912,2.7225096328365885
12:56:51.921,3.7680713833763204
12:56:54.928,2.816501234444732
12:56:57.933,1.493297431332171
12:57:00.940,1.7818512798251065
12:57:03.949,1.4099718080356054
12:57:06.958,0.3760157750278944
12:57:09.961,3.2599347785089425
12:57:12.969,1.5859558431446512
12:57:15.977,1.4278490691134984
12:57:18.980,2.6153655488953294
12:57:21.989,3.979216879194069
12:57:24.996,3.38214090982332
12:57:28.001,3.2657399105249283
12:57:31.010,0.8891398243408453
12:57:34.018,1.519298060838532
12:57:37.026,1.6122916952122839
12:57:40.030,3.5517504302812335
12:57:43.037,3.0786573078073007
12:57:46.045,2.6901448784111985
12:57:49.050,0.5277409566549454
12:57:52.057,0.0598262382124893
12:57:55.065,0.5508368957246706
12:57:58.074,1.432790976178777
12:58:01.077,0.670199726796505
12:58:04.085,2.014785488448182
12:58:07.095,2.386387424070513
12:58:10.098,2.5098580668629316
12:58:13.105,2.0442564556787874
12:58:16.114,1.7282222005128107
12:58:19.119,1.7585864896866248
12:58:22.126,2.2679858790771608
12:58:25.134,3.203126283146017
12:58:28.141,3.740951272962175
12:58:31.146,2.9939864397699982
12:58:34.154,2.653405977834384
12:58:37.163,4.103765889788111
12:58:40.171,4.378509878686435
12:58:43.174,5.7771576765181765
12:58:46.182,7.596897232188809
12:58:49.190,6.283422570452745
12:58:52.194,3.75462073794227
12:58:55.201,1.9063597186768428
12:58:58.210,2.7809685126475845
12:59:01.219,2.0315103839533526
12:59:04.222,1.9492773600335376
12:59:07.230,0.8998746885776256
12:59:10.239,3.4195120530802305
12:59:13.243,5.4140564550816475
12:59:16.250,4.53562798790385
12:59:19.258,6.6643933823997425
12:59:22.263,9.386643173785838
12:59:25.270,7.753872081932828
12:59:28.278,6.262973703275449
12:59:31.286,1.2088356858967406
12:59:34.290,0.5047520349133766
12:59:37.302,1.6896567131760878
12:59:40.307,5.690569911728635
12:59:43.311,5.656592124014083
12:59:46.319,4.9369656219835205
12:59:49.328,2.2933332199750396
12:59:52.335,1.9503715669686312
12:59:55.339,1.707063638087112
12:59:58.348,3.716141359654076
13:00:01.354,2.643976240636499
13:00:04.380,1.9686567378401267
13:00:07.402,1.9354152167092236
13:00:10.407,2.327061494630002
13:00:13.415,3.2696670443814564
13:00:16.425,3.153129564254043
13:00:19.426,3.9623984034831454
13:00:22.435,4.578932794633907
13:00:25.446,4.026431871021815
13:00:28.451,3.1262721015973005
13:00:31.455,3.3112063383096473
13:00:34.464,5.097521089489146
13:00:37.471,5.46222985055776
13:00:40.476,6.076463608393236
13:00:43.483,6.086746864369148
13:00:46.492,6.113355470654528
13:00:49.496,4.918155793025829
13:00:52.503,5.705488981904948
13:00:55.512,2.4569396147259424
13:00:58.520,4.752868851739976
13:01:01.525,4.330870499839476
13:01:04.531,5.759795162957067
13:01:07.540,6.336597917954954
13:01:10.543,6.716956482333638
13:01:13.552,7.158872108923049
13:01:16.561,11.847835362595879
13:01:19.565,7.223335673245183
13:01:22.572,2.401727150928447
13:01:25.580,0.4392556250278837
13:01:28.588,2.1588576614612025
13:01:31.593,3.769566339496127
13:01:34.600,4.296916116567936
13:01:37.610,4.238635250535925
13:01:40.612,5.056357418232382
13:01:43.621,3.7654477392304866
13:01:46.629,3.9027526034424156
13:01:49.636,5.013115495397865
13:01:52.640,3.4851029346936913
13:01:55.648,3.9473508377473125
13:01:58.656,5.068031393180192
13:02:01.666,4.969512595850481
13:02:04.668,5.379114558773506
13:02:07.677,2.6314057496871817
13:02:10.685,2.7386723180324135
13:02:13.689,3.1539807209176747
13:02:16.697,1.560560842368509
13:02:19.705,1.049738923102791
13:02:22.713,1.043013206905948
13:02:25.717,4.755329160857484
13:02:28.725,6.803276121525645
13:02:31.733,7.289414024916554
13:02:34.736,3.8415607361538044
13:02:37.747,2.2712685502638346
13:02:40.752,1.9062575203461205
13:02:43.757,3.136487173937009
13:02:46.765,1.03424885432836
13:02:49.773,1.7741137236290945
13:02:52.782,4.139461250087932
13:02:55.785,4.2004446484640825
13:02:58.794,3.899477537271638
13:03:01.801,3.5170625789490817
13:03:04.805,6.5857846479727415
13:03:07.814,5.3975981371315305
13:03:10.821,3.5357222328890807
13:03:13.828,2.273521038586657
13:03:16.833,0.7704401077714796
13:03:19.843,3.5183547998238867
13:03:22.850,4.0901280078650055
13:03:25.853,4.698507004041415
13:03:28.862,4.745625600302545
13:03:31.869,3.5226778655086934
13:03:34.876,4.061895349043505
13:03:37.882,5.0431064271887855
13:03:40.889,8.85306347038813
13:03:43.898,7.737940663196804
13:03:46.901,7.395265239095132
13:03:49.911,1.3819229646590305
13:03:52.918,0.49660644030828227
13:03:55.922,1.741443785433942
13:03:58.930,1.2686615895279374
13:04:01.937,1.436306060207605
13:04:04.946,3.663299372012664
13:04:07.950,1.2548783060262936
13:04:10.958,0.7370381214648956
13:04:13.966,0.8777804082595796
13:04:16.971,4.653957530503354
13:04:19.979,4.613033070511898
13:04:22.989,4.478276037007505
13:04:25.995,2.2785103181096806
13:04:28.998,0.6480698748441659
13:04:32.006,0.8809885331389639
13:04:35.015,2.666252527017641
13:04:38.022,1.4915371900392798
13:04:41.027,1.5517940740372955
13:04:44.035,3.0525197902738603
13:04:47.039,3.373323956647829
13:04:50.050,4.082828791232332
13:04:53.055,2.3915600986106202
13:04:56.067,1.48164861071252
13:04:59.103,1.0925855750875255
13:05:02.111,1.8475518744164048
13:05:05.115,2.495137675759543
13:05:08.126,2.507367950218616
13:05:11.131,2.703192896003892
13:05:14.135,3.4515118981976363
13:05:17.143,3.0400978305535267
13:05:20.150,2.381235181003286
13:05:23.154,2.3811947365350576
13:05:26.162,2.7383305589035327
13:05:29.170,3.568175601998098
13:05:32.179,4.640162769706418
13:05:35.183,5.458992139280557
13:05:38.190,4.701595009488903
13:05:41.199,3.03610279871033
13:05:44.203,3.586586303268517
13:05:47.211,3.035173139461497
13:05:50.219,3.6830643399231375
13:05:53.227,3.5077840081942573
13:05:56.232,4.90779120749089
13:05:59.241,4.280370665596036
13:06:02.247,3.2700798169219554
13:06:05.251,4.090662677557484
13:06:08.259,2.9790877203162314
13:06:11.269,2.797080089119676
13:06:14.272,2.1658480474535375
13:06:17.279,1.3205427816312494
13:06:20.289,1.5202404093993842
13:06:23.295,1.3122504237909784
13:06:26.301,0.7550483352169733
13:06:29.307,0.45249523628998384
13:06:32.351,1.7384884408153145
13:06:35.355,1.4992406562666234
13:06:38.366,1.1273136044027228
13:06:41.377,1.425765292501933
13:06:44.383,0.8703756982116796
13:06:47.384,0.19607480617208367
13:06:50.388,0.34348264527453276
13:06:53.397,0.37266003717150914
13:06:56.404,0.8622220546379519
13:06:59.414,1.001123297064878
13:07:02.418,2.371225009188529
13:07:05.424,2.398996369037394
13:07:08.431,2.5483268035181976
13:07:11.436,2.232013180254006
13:07:14.445,3.252372708168421
13:07:17.455,3.440539595945729
13:07:20.461,4.497394342245282
13:07:23.465,5.362400371906168
13:07:26.477,4.126008354848157
13:07:29.480,4.5213014726297125
13:07:32.484,2.1620558620796353
13:07:35.494,2.712913615594379
13:07:38.499,2.8573498057939095
13:07:41.505,1.2239926651245947
13:07:44.513,0.23255701550515956
13:07:47.522,1.857126679217054
13:07:50.528,5.055499563210132
13:07:53.533,3.66332549476989
13:07:56.540,4.480286091381976
13:07:59.549,2.9377242817986886
13:08:02.553,3.1067139731332354
13:08:05.561,3.4399968054808903
13:08:08.570,2.763959849731741
13:08:11.576,2.136843087049389
13:08:14.583,1.667277532820258
13:08:17.589,3.3590986158990455
13:08:20.596,3.465322230410888
13:08:23.604,2.6647355180249415
13:08:26.609,1.6859854437760107
13:08:29.617,0.0707587144514731
13:08:32.621,0.8816027970388188
13:08:35.630,0.8662819098535719
13:08:38.636,2.010715480030228
13:08:41.645,1.6504048200255494
13:08:44.650,1.0282743574639033
13:08:47.657,0.510811737896005
13:08:50.681,0.6557819602751417
13:08:53.706,2.231175230118508
13:08:56.709,2.2992789043122848
13:08:59.718,2.3133673382476525
13:09:02.725,3.0529128900587956
13:09:05.733,1.8909233166371329
13:09:08.737,2.503818101266149
13:09:11.747,2.5286311432789232
13:09:14.753,1.1210369284780846
13:09:17.761,1.4710947692953982
13:09:20.766,4.255832403895296
13:09:23.774,5.236075841423509
13:09:26.781,3.9292246955652534
13:09:29.786,3.0250804292549387
13:09:32.794,1.2535813195058723
13:09:35.802,1.7746384938671214
13:09:38.810,3.5449585195331936
13:09:41.814,4.9761121533492245
13:09:44.821,4.567734805101788
13:09:47.830,4.443619322124432
13:09:50.833,4.88992812151982
13:09:53.842,4.068410158424309
13:09:56.851,3.794058552501393
13:09:59.854,2.749346555087616
13:10:02.863,2.7720667584646224
13:10:05.871,4.5839170363852455
13:10:08.878,3.416496275766884
13:10:11.883,3.271549441861228
13:10:14.890,2.3685768920041133
13:10:17.900,2.744814773896056
13:10:20.906,3.0490765134876185
13:10:23.910,4.037230714990904
13:10:26.923,5.723164715217187
13:10:29.926,5.70959953817188
13:10:32.930,5.7024378330094505
13:10:35.939,3.7998674825624503
13:10:38.946,3.091447904835081
13:10:41.954,3.48622194152695
13:10:44.958,1.8060322457966185
13:10:47.966,2.2294188857723594
13:10:50.974,1.9572649777116087
13:10:53.981,3.282294535990629
13:10:56.987,4.560628478196591
13:10:59.995,4.025990673410153
13:11:03.004,5.026276107858894
13:11:06.007,5.03611897740323
13:11:09.015,5.193831754680084
13:11:12.022,3.3792108785589634
13:11:15.027,1.507894739470317
13:11:18.036,3.2310802983309697
13:11:21.043,1.744149106974057
13:11:24.049,1.4060063794190387
13:11:27.055,0.576798001963892
13:11:30.062,2.4351086787063
13:11:33.081,1.5425470188317472
13:11:36.111,0.8023477401221227
13:11:39.114,2.5578348709226617
13:11:42.125,3.293252506616269
13:11:45.131,3.1916817666839963
13:11:48.137,3.9907296765519686
13:11:51.143,4.430262434142868
13:11:54.154,4.278260902775134
13:11:57.160,3.6197341015671376
13:12:00.164,4.396347107031298
13:12:03.172,3.2232518638107686
13:12:06.179,3.010525975775607
13:12:09.184,6.397277508606586
13:12:12.193,6.301678094920108
13:12:15.202,4.38238559248524
13:12:18.208,4.534759755130201
13:12:21.211,5.373041403262484
13:12:24.221,4.128063475752293
13:12:27.228,0.8581248083512962
13:12:30.235,0.6018457959920582
13:12:33.243,0.888715258878944
13:12:36.248,0.3022166898982605
13:12:39.257,0.057788134648944556
13:12:42.260,0.28894423629888166
13:12:45.269,4.01488866663428
13:12:48.277,5.634746571203051
13:12:51.280,4.254831649218915
13:12:54.288,4.144060170909805
13:12:57.296,3.6572125510221825
13:13:00.304,4.0504618318671355
13:13:03.308,3.518257819288515
13:13:06.318,2.8348056547951312
13:13:09.324,2.9164108770146795
13:13:12.331,3.864632010947314
13:13:15.336,3.582858263675925
13:13:18.345,3.980437169823928
13:13:21.352,2.2919066058757616
13:13:24.357,2.8584144761200676
13:13:27.365,2.7172911557870227
13:13:30.375,1.9790957186766684
13:13:33.379,1.309679152584354
13:13:36.385,0.5153424467346436
13:13:39.392,2.768906330650948
13:13:42.399,2.4655027730781027
13:13:45.405,3.178629498384362
13:13:48.413,4.142686830486369
13:13:51.422,4.943778361627961
13:13:54.424,5.05055986144043
13:13:57.435,3.2478760755534117
13:14:00.441,1.2476129213087739
13:14:03.446,1.998851398621268
13:14:06.454,1.070703841815125
13:14:09.461,1.239550871463676
13:14:12.470,0.3461791168400435
13:14:15.474,2.9719783292481727
13:14:18.482,5.914746732517783
13:14:21.490,5.903852473173266
13:14:24.498,5.256706536431682
13:14:27.501,3.2217700260422406
13:14:30.512,3.5256852511156933
13:14:33.515,4.889906349235536
13:14:36.522,5.653208158946366
13:14:39.529,3.749576476929067
13:14:42.537,4.436697680917743
13:14:45.541,2.4838497067244885
13:14:48.552,0.9126711672487148
13:14:51.559,2.342187819789428
13:14:54.565,5.089560134604509
13:14:57.571,6.4250496703545545
13:15:00.579,5.469561510997158
13:15:03.586,5.715200440467935
13:15:06.589,5.5102784283213415
13:15:09.599,5.62252896812164
13:15:12.607,1.8201090789747845
13:15:15.614,0.449261124908119
13:15:18.619,1.9732757957971727
13:15:21.626,6.8646337462119815
13:15:24.636,7.700151088288074
13:15:27.650,7.013799723707811
13:15:30.680,2.4899613430603473
13:15:33.688,0.45099041620664937
13:15:36.695,0.31572558791287914
13:15:39.702,1.6157994881731705
13:15:42.707,0.4571361324733771
13:15:45.716,0.0
13:15:48.722,1.2989956632866426
13:15:51.727,1.954736305201309
13:15:54.736,2.7744117328332374
13:15:57.743,3.003674278053256
13:16:00.747,1.2547975874118835
13:16:03.756,0.17469894873988176
13:16:06.762,1.879333959879449
13:16:09.772,0.9231180378232419
13:16:12.775,1.5174967674795163
13:16:15.783,1.563349901125177
13:16:18.793,0.5822607781297672
13:16:21.797,0.5179041217719783
13:16:24.804,3.350997960881437
13:16:27.811,4.991987782079013
13:16:30.820,7.2540902740401
13:16:33.825,4.307147459870908
13:16:36.834,0.6884284696491281
13:16:39.839,0.0
13:16:42.848,1.5348741083711377
13:16:45.852,2.6608868001964834
13:16:48.859,2.8880255566011694
13:16:51.862,2.886370348827445
13:16:54.871,2.536549380490574
13:16:57.880,3.5003264231581857
13:17:00.887,2.9023107478960704
13:17:03.892,0.4508149618024547
13:17:06.901,0.0
13:17:09.908,2.0328725793202516
13:17:12.915,6.009128700380359
13:17:15.920,5.456854989686926
13:17:18.930,5.084704670956432
13:17:21.938,2.771841325195051
13:17:24.939,3.1523918012406384
13:17:27.948,2.7100659231171065
13:17:30.956,4.292984293856266
13:17:33.964,4.489794353579767
13:17:36.968,2.98137485759399
13:17:39.976,2.621358172014859
13:17:42.984,0.5953052168389283
13:17:45.989,0.32324257054913325
13:17:48.996,2.413835553985533
13:17:52.005,3.056122487756572
13:17:55.012,3.5791040667608
13:17:58.017,6.461658414930643
13:18:01.026,6.306745470429567
13:18:04.033,6.139159903801189
13:18:07.036,4.848367033306344
13:18:10.044,3.895914043601547
13:18:13.054,3.8300932417575515
13:18:16.060,1.55343961624001
13:18:19.065,1.12749930904611
13:18:22.075,0.0
13:18:25.081,0.6810922061006417
13:18:28.084,0.8135569719928402
13:18:31.092,0.6340082533592627
13:18:34.102,0.6402978141381188
13:18:37.106,0.10996175720157748
13:18:40.113,0.0
13:18:43.121,2.303010269334655
13:18:46.129,7.862959176271506
13:18:49.133,8.72726518418719
13:18:52.141,7.047671687928996
13:18:55.149,1.3210217683939196
13:18:58.154,1.3139558346535685
13:19:01.161,2.1779797740056774
13:19:04.168,0.6046314266162559
13:19:07.177,0.29454458790347937
13:19:10.183,2.2505873589239593
13:19:13.191,6.100640279641656
13:19:16.197,6.955035854241768
13:19:19.202,6.657532067090555
13:19:22.209,7.87665409428488
13:19:25.216,7.3564122116775215
13:19:28.227,7.488409954594324
13:19:31.231,4.468497731805318
13:19:34.239,5.358403167964517
13:19:37.246,5.59423206691722
13:19:40.250,2.2053959191201544
13:19:43.257,2.1636592334250095
13:19:46.267,2.140399573374987
13:19:49.270,1.6895387711338563
13:19:52.279,0.676428115522126
13:19:55.286,1.1711338876723747
13:19:58.293,7.044440260386727
13:20:01.298,7.978834658797616
13:20:04.306,7.167165819051938
13:20:07.316,5.5420062553092615
13:20:10.317,2.761577921171759
13:20:13.329,2.4989663763204506
13:20:16.334,2.8602548967440957
13:20:19.342,6.030614181130708
13:20:22.351,6.202091598096908
13:20:25.354,5.101680209130137
13:20:28.363,2.9457693909886036
13:20:31.370,3.956623451728278
13:20:34.375,4.356987669612645
13:20:37.383,6.5285588561787895
13:20:40.391,7.228984895450606
13:20:43.395,3.4355164014855037
13:20:46.402,0.5367191681899567
13:20:49.412,0.0
13:20:52.415,1.46815295934792
13:20:55.423,0.4691984115608013
13:20:58.431,0.24012424814343614
13:21:01.440,1.1658702382808017
13:21:04.444,1.0360096738019595
13:21:07.452,0.5392706792317101
13:21:10.459,1.4931397248570994
13:21:13.463,1.317444848671992
13:21:16.470,0.5322666337873181
13:21:19.480,3.001558783140813
13:21:22.487,0.7526730199214339
13:21:25.492,0.19815963866902994
13:21:28.499,0.7702230304431971
13:21:31.507,1.1289413640673658
13:21:34.515,1.3704104103460626
13:21:37.519,2.2592195085005256
13:21:40.528,3.237467388064627
13:21:43.533,3.02423926034309
13:21:46.540,4.399757195861433
13:21:49.548,7.912223404989653
13:21:52.556,9.090985661176173
13:21:55.560,8.925706733429916
13:21:58.568,2.154760619637488
13:22:01.577,0.6128261525661829
13:22:04.581,0.4222607695677651
13:22:07.590,1.5762502970992254
13:22:10.597,0.30526511639106874
13:22:13.604,0.39878667372276316
13:22:16.607,4.48542825877515
13:22:19.616,3.536000446135706
13:22:22.627,2.744172791791809
13:22:25.634,4.385525567250163
13:22:28.636,4.6629113035111605
13:22:31.644,5.320507215152929
13:22:34.647,5.7389311362055295
13:22:37.656,3.3128825518607914
13:22:40.664,3.1220375745305375
13:22:43.673,6.326534838683409
13:22:46.676,7.480609909020038
13:22:49.686,8.537667455593457
13:22:52.694,5.683087071502889
13:22:55.701,4.728261349035122
13:22:58.705,4.718827219431492
13:23:01.717,3.5650067468283666
13:23:04.720,1.7722170605047618
13:23:07.724,0.05953719464203569
13:23:10.734,1.0107366009162866
13:23:13.741,2.9910604138023666
13:23:16.749,2.0301206254078967
13:23:19.752,2.4666086196154073
13:23:22.761,0.46298106522418225
13:23:25.769,0.1750844385597996
13:23:28.775,0.7889520053993067
13:23:31.781,3.6620587912037883
13:23:34.789,5.136420510530259
13:23:37.797,3.207051003963036
13:23:40.803,0.3643233944777736
13:23:43.809,0.0
13:23:46.817,0.6602581123182257
13:23:49.820,1.7959386417126695
13:23:52.830,1.4038735660794652
13:23:55.839,1.8081748613509154
13:23:58.842,1.354580432923892
13:24:01.848,0.2662145614662073
13:24:04.858,1.2625438165516907
13:24:07.865,5.355976140716603
13:24:10.869,7.702198250716832
13:24:13.878,7.743009356605958
13:24:16.886,5.942340244485255
13:24:19.889,2.7911408109130122
13:24:22.897,1.9589375741687045
13:24:25.905,6.1095424862103
13:24:28.912,6.382289815536352
13:24:31.917,4.5944591144995615
13:24:34.924,4.72887018964835
13:24:37.935,6.089033949845714
13:24:40.942,6.211256400172343
13:24:43.946,5.436731704560457
13:24:46.954,2.049517337402388
13:24:49.957,2.4189269221754675
13:24:52.966,2.3298005789756933
13:24:55.973,2.870983610582272
13:24:58.982,3.0444042845875345
13:25:01.985,4.080312117939303
13:25:04.996,0.6974594270170679
13:25:08.001,0.8633513203274938
13:25:11.010,0.5718916296712171
13:25:14.014,0.29866535602672173
13:25:17.021,0.0
13:25:20.030,1.519953504481174
13:25:23.035,2.7453560785945434
13:25:26.042,3.3894604967617377
13:25:29.050,3.493773637910744
13:25:32.058,3.1041692121568754
13:25:35.063,3.457307369094349
13:25:38.071,2.982206055737637
13:25:41.079,1.428536788051369
13:25:44.082,0.32740085170718064
13:25:47.090,0.8436907364568074
13:25:50.098,2.2292872584107
13:25:53.102,2.3242120894965193
13:25:56.111,2.0498633893123537
13:25:59.118,1.5344569032487212
13:26:02.126,0.3093831399040433
13:26:05.132,0.8663708522197779
13:26:08.138,0.7440312141717262
13:26:11.149,0.20312009790731647
13:26:14.152,0.44991354564104136
13:26:17.160,1.6072555079881359
13:26:20.167,0.454391969321508
13:26:23.175,0.8222238783427012
13:26:26.179,2.881448083827398
13:26:29.187,2.592287992076761
13:26:32.195,1.3732017843400162
13:26:35.203,2.80291614828009
13:26:38.206,2.0884082554145103
13:26:41.215,2.01762699701557
13:26:44.222,3.546305325184464
13:26:47.228,3.280931429434721
13:26:50.237,1.9689865320124962
13:26:53.243,4.739116364880895
13:26:56.248,6.239858400437896
13:26:59.258,6.906831325488758
13:27:02.264,4.234566401634329
13:27:05.271,0.6569103022311403
13:27:08.276,0.7107667000644888
13:27:11.284,1.9751101944297462
13:27:14.291,3.517576206601366
13:27:17.295,2.3294025859433214
13:27:20.304,3.999026524476884
13:27:23.313,1.6091260007779176
13:27:26.319,1.3423287791995184
13:27:29.323,2.1712884149760527
13:27:32.333,2.9560171423882715
13:27:35.340,1.032420994032754
13:27:38.345,1.7333448619117882
13:27:41.352,1.1176374242220195
13:27:44.361,1.187539400760855
13:27:47.372,1.0936038411339835
13:27:50.408,2.1749346926037467
13:27:53.412,1.8584616092849033
13:27:56.421,2.7371517050968044
13:27:59.428,2.7600715461265772
13:28:02.432,2.7782984414433347
13:28:05.440,3.4160826324519014
13:28:08.451,6.549364413800659
13:28:11.456,8.717980655998915
13:28:14.460,8.466442659977876
13:28:17.468,5.092083819545647
13:28:20.476,3.324432732086196
13:28:23.486,3.4056955655339918
13:28:26.488,2.1974529538486904
13:28:29.497,0.9306374878796698
13:28:32.511,1.6203790678445351
13:28:35.544,3.822228916943997
13:28:38.550,5.29017542085004
13:28:41.556,4.840412252998584
13:28:44.565,6.039312899374108
13:28:47.572,7.657130270215561
13:28:50.578,8.335651374109585
13:28:53.585,7.443334732141319
13:28:56.590,5.839084009458237
13:28:59.596,6.410437073086956
13:29:02.605,6.079275870357642
13:29:05.615,5.419164485466218
13:29:08.618,4.902165996646516
13:29:11.624,3.2359618192969943
13:29:14.634,1.6486543529790505
13:29:17.641,0.23474076533986007
13:29:20.645,3.161021520607542
13:29:23.654,2.4962780752848377
13:29:26.664,2.3387972155876255
13:29:29.665,2.6195611339379905
13:29:32.672,2.4406216252254236
13:29:35.683,1.7431939580559415
13:29:38.689,5.181207533991003
13:29:41.694,5.6761641951999655
13:29:44.701,3.8980531753040344
13:29:47.709,4.961024153196554
13:29:50.715,5.04213577907114
13:29:53.721,4.373511855473561
13:29:56.730,3.9348268563934816
13:29:59.734,1.3990077132275511
13:30:02.741,0.7367895540594507
13:30:05.749,2.184982234278946
13:30:08.758,4.414638465993424
13:30:11.762,5.89574487705241
13:30:14.770,5.094768155348391
13:30:17.777,1.897231706221644
13:30:20.782,1.8225924000045843
13:30:23.790,1.8179871956945253
13:30:26.798,4.3695467940975155
13:30:29.807,4.150340429156451
13:30:32.815,4.393481949316773
13:30:35.820,4.226060182707604
13:30:38.826,6.81558064086301
13:30:41.830,5.854926512903278
13:30:44.839,4.12655366128484
13:30:47.846,3.9649818584065315
13:30:50.855,4.736479508060612
13:30:53.858,2.462406125653971
13:30:56.866,0.30165579760295
13:30:59.874,1.000769406757468
13:31:02.883,2.4438471198768066
13:31:05.887,4.388743209379986
13:31:08.894,4.235454205079771
13:31:11.899,1.4803892284004796
13:31:14.906,0.9225825451503169
13:31:17.914,0.9356257276264691
13:31:20.922,2.540316175763743
13:31:23.926,2.803746927534171
13:31:26.936,3.3479887580671557
13:31:29.943,1.8118885703747092
13:31:32.971,1.5330480937363282
13:31:35.987,0.33187655943594113
13:31:38.995,1.3686956643408996
13:31:42.002,2.095893482071107
13:31:45.011,2.538141332027612
13:31:48.023,1.6371086446037408
13:31:51.059,0.23706099025666427
13:31:54.065,0.07970187072598722
13:31:57.071,1.1382623113721984
13:32:00.079,3.353133420454873
13:32:03.089,3.6409036482531962
13:32:06.091,2.333304060860574
13:32:09.099,0.4682587946582509
13:32:12.103,0.1566092262181103
13:32:15.114,3.3311559833430135
13:32:18.119,8.859528241319937
13:32:21.128,7.92737988994895
13:32:24.131,6.739703811268785
13:32:27.140,1.7926573716429945
13:32:30.148,0.35172242454691544
13:32:33.150,0.613159648793563
13:32:36.160,0.058999112839600736
13:32:39.169,0.11885210256968202
13:32:42.176,0.6765489424638752
13:32:45.180,4.788829831066954
13:32:48.188,5.225435882918213
13:32:51.197,4.564497594963197
13:32:54.200,4.777007235411019
13:32:57.209,4.950209889172251
13:33:00.217,4.352007756817023
13:33:03.223,3.8028080701344775
13:33:06.227,4.460945195759807
13:33:09.237,4.761491774494218
13:33:12.244,3.4613585000680467
13:33:15.248,3.775039969345442
13:33:18.256,3.8372329106086176
13:33:21.263,3.7477567554726745
13:33:24.269,2.958023605395066
13:33:27.275,3.1395707075761465
13:33:30.285,2.9595616140322845
13:33:33.292,4.3995222902977265
13:33:36.296,4.922749023670367
13:33:39.304,3.5247085414595833
13:33:42.312,2.9435804440791475
13:33:45.321,2.685718609597866
13:33:48.324,1.7505147654434752
13:33:51.332,1.6255926463613668
13:33:54.342,1.4995931790874673
13:33:57.345,1.9058159340650584
13:34:00.353,2.1871953271340754
13:34:03.361,2.4311694074559207
13:34:06.369,3.341033773262219
13:34:09.372,3.4963575085219083
13:34:12.382,3.5760183558703047
13:34:15.384,4.128930841896492
13:34:18.392,2.9832962149621007
13:34:21.401,3.578605654775931
13:34:24.410,2.633713682911143
13:34:27.414,1.8933172363690363
13:34:30.422,1.5873082258409732
13:34:33.429,2.53284640861792
13:34:36.438,4.3855617074956275
13:34:39.441,3.1933906957352804
13:34:42.450,3.828248179816665
13:34:45.457,5.582697133068282
13:34:48.461,3.7038999198092215
13:34:51.470,4.058450880505204
13:34:54.477,3.020860316042596
13:34:57.486,2.5373485982133697
13:35:00.491,2.024095178858854
13:35:03.499,3.66303265577891
13:35:06.507,4.079069247475075
13:35:09.529,3.414418928134216
13:35:12.550,4.343017192340031
13:35:15.557,6.231032005987498
13:35:18.565,5.507092781171839
13:35:21.573,2.469089538391896
13:35:24.577,1.6439897226862936
13:35:27.587,1.4311184073371557
13:35:30.594,1.8429373621986065
13:35:33.602,1.7237634261000194
13:35:36.606,1.224038835573491
13:35:39.615,6.424650234096193
13:35:42.620,9.119758570231575
13:35:45.626,9.19753209379549
13:35:48.634,5.357149844941325
13:35:51.642,3.054753885430025
13:35:54.648,2.4715227572212277
13:35:57.654,3.018360549750282
13:36:00.662,1.7231262591648417
13:36:03.670,2.196715246813659
13:36:06.674,4.871961079865137
13:36:09.682,6.508935015880955
13:36:12.692,5.649600046849248
13:36:15.696,4.766328827898881
13:36:18.704,5.123478939697846
13:36:21.710,5.135481797126523
13:36:24.718,5.957692620981743
13:36:27.724,5.114495282676351
13:36:30.730,5.2596534182458505
13:36:33.739,4.817094483761979
13:36:36.744,4.4627339962428305
13:36:39.751,4.21391959030356
13:36:42.759,4.254287574515203
13:36:45.762,4.385049495570805
13:36:48.771,4.103049239453486
13:36:51.779,3.773716730165774
13:36:54.788,3.813813108617215
13:36:57.791,4.681738489183862
13:37:00.798,3.875386696081741
13:37:03.807,2.785875225078015
13:37:06.811,2.462226612637617
13:37:09.818,3.270167363716113
13:37:12.826,7.560159830812173
13:37:15.836,10.936932753218084
13:37:18.843,9.753163874075456
13:37:21.847,1.3549025331856333
13:37:24.855,1.2942636654047464
13:37:27.859,0.47089603484742787
13:37:30.866,3.5203027464825682
13:37:33.876,3.2581142490060944
13:37:36.883,3.6618402976979034
13:37:39.887,5.36824040935234
13:37:42.895,7.493302540379472
13:37:45.903,4.924853715342705
13:37:48.908,4.651944246629278
13:37:51.915,2.4335661944166187
13:37:54.924,1.9436324951816526
13:37:57.928,2.7610050665022965
13:38:00.935,3.554346738067691
13:38:03.943,4.008654970964798
13:38:06.951,3.6034624731057194
13:38:09.955,4.5249970742484615
13:38:12.964,3.435870741903152
13:38:15.973,3.2599009058215835
13:38:18.979,5.393407535432201
13:38:21.984,5.366566351602853
13:38:24.992,5.385368441799934
13:38:28.002,4.619078661515702
13:38:31.005,4.681045496457757
13:38:34.012,3.879728650333842
13:38:37.022,1.6198531865276629
13:38:40.028,0.1831135210257783
13:38:43.032,1.988386914785882
13:38:46.041,2.1251705509930536
13:38:49.048,2.461368043249527
13:38:52.051,2.772943644777746
13:38:55.060,2.7718160765980007
13:38:58.069,2.863422243742088
13:39:01.073,3.110177596882862
13:39:04.080,2.946625121133038
13:39:07.089,2.1407553597353295
13:39:10.096,2.4081964764689694
13:39:13.099,2.3070597185742887
13:39:16.110,2.0634771373035554
13:39:19.117,2.288421431131426
13:39:22.121,3.9598534634764486
13:39:25.128,3.3142428025383412
13:39:28.139,2.38073438297201
13:39:31.144,3.560151384638571
13:39:34.149,3.5458835264483715
13:39:37.157,3.719550390757047
13:39:40.164,4.9017507983478295
13:39:43.169,6.281134589318499
13:39:46.176,5.121386131561607
13:39:49.185,2.0818229022913415
13:39:52.189,0.6085347529471327
13:39:55.197,0.05945146666732642
13:39:58.205,5.084998077059691
13:40:01.213,5.680108303350991
13:40:04.217,4.321744652997752
13:40:07.224,5.110894756268916
13:40:10.233,3.211966416034342
13:40:13.241,4.065860812925498
13:40:16.246,4.206413695637492
13:40:19.254,3.8349623169373985
13:40:22.262,3.624450022634026
13:40:25.264,2.3404638951178303
13:40:28.274,2.764662366953647
13:40:31.281,2.9970025248556715
13:40:34.292,3.530949353921859
13:40:37.295,4.883214662511105
13:40:40.303,4.083604050097044
13:40:43.309,4.040958045128918
13:40:46.314,2.7617816389238015
13:40:49.322,1.9208881936222266
13:40:52.330,2.385292669466087
13:40:55.337,0.527577492603677
13:40:58.343,0.0
13:41:01.349,1.4350265475261497
13:41:04.358,3.575495790744855
13:41:07.361,3.2233262050628078
13:41:10.370,2.930799966165858
13:41:13.378,0.7983659828347452
13:41:16.382,0.024919493582632183
13:41:19.391,0.49568570660014893
13:41:22.406,2.00341046915703
13:41:25.408,1.2956155057195258
13:41:28.409,1.7016275602241608
13:41:31.418,4.611953665721146
13:41:34.426,4.6240416920903415
13:41:37.433,4.789946936352196
13:41:40.438,3.118510395158782
13:41:43.446,3.0484821947556235
13:41:46.451,2.7944891917266323
13:41:49.460,6.511111608235095
13:41:52.466,6.328916608567732
13:41:55.475,5.809807102207229
13:41:58.478,3.1561431053229367
13:42:01.486,1.0191015196343856
13:42:04.496,0.7579932962871435
13:42:07.500,4.695864871587013
13:42:10.506,5.076025335770262
13:42:13.515,4.8200282044988265
13:42:16.524,4.304779385920543
13:42:19.526,3.749646550843779
13:42:22.536,4.1673419860399115
13:42:25.543,2.591388407575293
13:42:28.550,2.0752507655212877
13:42:31.558,1.7166983186937799
13:42:34.563,2.905065924738959
13:42:37.572,1.5779257268086688
13:42:40.575,1.7513325142734106
13:42:43.583,2.292422129559348
13:42:46.591,1.6629375705661593
13:42:49.600,1.5483429111294822
13:42:52.603,1.5606137546176833
13:42:55.611,2.6583283134208653
13:42:58.619,2.4869329277818664
13:43:01.623,1.6985425894948982
13:43:04.631,0.754661944150583
13:43:07.640,0.014497925642825885
13:43:10.646,2.7191930395531285
13:43:13.651,5.84060983773283
13:43:16.659,5.5787860458263605
13:43:19.667,5.550516903067638
13:43:22.670,4.385689340063797
13:43:25.680,3.829810743501595
13:43:28.687,3.129480828519391
13:43:31.694,1.1509345659262373
13:43:34.700,0.4098330755220278
13:43:37.709,0.9313152716553416
13:43:40.716,0.7004528523250143
13:43:43.720,0.17184449408454006
13:43:46.727,0.0
13:43:49.736,2.539972714828235
13:43:52.740,0.9275388850096762
13:43:55.747,1.283898747767966
13:43:58.756,4.562257636824815
13:44:01.764,4.48350239175791
13:44:04.769,4.799864886157662
13:44:07.776,3.966798030547276
13:44:10.784,3.6712906058305754
13:44:13.788,3.3849818062722976
13:44:16.797,4.766503690817648
13:44:19.804,3.803962314620098
13:44:22.809,2.3404508182825263
13:44:25.816,4.350475657436674
13:44:28.825,4.260824428366603
13:44:31.832,3.3319287834490785
13:44:34.836,3.7030562565708096
13:44:37.846,4.1979238311080564
13:44:40.853,4.446993717789976
13:44:43.860,3.9171112153230543
13:44:46.864,2.057206904468612
13:44:49.873,0.6839360770931661
13:44:52.880,1.8271907037663857
13:44:55.884,2.3065028756583943
13:44:58.892,1.78556170403511
13:45:01.901,3.5168129670827715
13:45:04.909,5.323442058139876
13:45:07.912,4.683554508304931
13:45:10.922,5.530269705659274
13:45:13.928,6.475885202908911
13:45:16.933,7.039725165237975
13:45:19.941,6.368251773901491
13:45:22.949,4.702746464873583
13:45:25.953,3.0199465209995036
13:45:28.962,3.3091471985893706
13:45:31.969,1.5232424668959141
13:45:34.977,1.4134481167169062
13:45:37.981,1.5362579095541957
13:45:40.991,2.47165761689621
13:45:43.997,2.958713622707857
13:45:47.001,2.0986826323186016
13:45:50.009,1.63600659143896
13:45:53.016,0.29984450798439144
13:45:56.025,1.1396671547604584
13:45:59.030,3.063425760970431
13:46:02.036,3.441193878401491
13:46:05.053,3.5178249269675854
13:46:08.085,1.6324792121164604
13:46:11.090,0.4565017516264951
13:46:14.098,0.8633442268776435
13:46:17.105,1.4755193302290588
13:46:20.114,0.9795993411969359
13:46:23.117,0.7598750427632507
13:46:26.126,4.54882781300146
13:46:29.133,6.527333817439386
13:46:32.142,7.7880368900657695
13:46:35.145,6.727142475401298
13:46:38.154,6.099643907890436
13:46:41.159,5.568283647815014
13:46:44.165,3.4932688536788636
13:46:47.175,2.2930399039736167
13:46:50.182,2.089385131972581
13:46:53.186,2.807600599636045
13:46:56.196,1.5611732138123116
13:46:59.202,0.8466551520000345
13:47:02.209,0.9418281590019889
13:47:05.214,3.3463000163260275
13:47:08.222,2.7099476312325788
13:47:11.230,2.591794292896496
13:47:14.234,1.2426143872005415
13:47:17.243,0.7523378582951394
13:47:20.251,0.9142100503327337
13:47:23.258,3.8303402135825
13:47:26.262,3.3892465713084783
13:47:29.270,4.68004946996496
13:47:32.280,7.188836445853307
13:47:35.282,8.341397909478678
13:47:38.289,6.425399995609041
13:47:41.301,1.7760318497845586
13:47:44.303,1.4693042122345426
13:47:47.310,1.4622904525221174
13:47:50.319,1.4599023520460042
13:47:53.327,1.4723703831092425
13:47:56.331,2.056927590214729
13:47:59.340,0.9396575925592501
13:48:02.349,0.031746741050426894
13:48:05.351,0.6016896326929251
13:48:08.359,3.1497600310907146
13:48:11.367,2.452125055570732
13:48:14.380,2.5790576512727807
13:48:17.417,2.3455658747248793
13:48:20.420,2.7864066746463743
13:48:23.428,3.266284406096679
13:48:26.435,6.204680179997026
13:48:29.439,5.032477565818999
13:48:32.447,4.327867493787818
13:48:35.457,2.691507353775131
13:48:38.463,2.227081331734218
13:48:41.467,1.8393344025656284
13:48:44.477,3.6578432884675913
13:48:47.483,4.501183760500595
13:48:50.491,5.1537075823543015
13:48:53.496,3.360984778744066
13:48:56.503,3.18805278469232
13:48:59.512,3.6318376150963805
13:49:02.515,3.9304977228006983
13:49:05.524,4.2699991870336715
13:49:08.532,4.214793411359176
13:49:11.535,3.0841135216538724
13:49:14.544,0.7094476382316413
13:49:17.552,0.16095928557363515
13:49:20.560,2.3750063543930704
13:49:23.564,1.3590781612928582
13:49:26.574,0.17342081304344134
13:49:29.581,2.1271601085949627
13:49:32.583,4.42291970971236
13:49:35.592,5.132243961727623
13:49:38.602,5.434478452345994
13:49:41.608,7.109321474698726
13:49:44.612,5.874275565943389
13:49:47.621,5.078608044496567
13:49:50.629,2.117534911636611
13:49:53.633,1.5115159736288761
13:49:56.640,1.5655251829773267
13:49:59.649,7.517386205007601
13:50:02.657,6.959447423090118
13:50:05.660,6.651022694458278
13:50:08.668,1.4450978577704654
13:50:11.677,0.8231335024354597
13:50:14.680,0.8419313164212514
13:50:17.688,1.4425781327222804
13:50:20.697,0.5359842562777959
13:50:23.702,1.6581328554127313
13:50:26.709,2.894727563205068
13:50:29.717,1.7696154151302272
13:50:32.724,1.7719515259447052
13:50:35.729,5.746220676841439
13:50:38.737,6.730271079170587
13:50:41.746,4.92254093009706
13:50:44.752,5.890704918495402
13:50:47.759,5.646979333809164
13:50:50.765,5.139764330955382
13:50:53.773,4.584248102874668
13:50:56.779,5.476186499319326
13:50:59.785,4.463655857060589
13:51:02.793,2.62024270092163
13:51:05.801,0.9025276690579819
13:51:08.805,0.9285513913933753
13:51:11.814,2.178913506216002
13:51:14.817,0.4286239674819292
13:51:17.828,0.28888272502405427
13:51:20.833,2.052712354935945
13:51:23.841,2.0349019807542907
13:51:26.846,1.7702667762393511
13:51:29.853,4.038118786653137
13:51:32.873,6.992781803762784
13:51:35.902,6.402073899613257
13:51:38.909,4.632577041417293
13:51:41.913,1.0983803782455808
13:51:44.921,0.9247365433714744
13:51:47.929,1.928451608865153
13:51:50.935,4.875372107467331
13:51:53.941,5.659628837625175
13:51:56.950,5.29577950378523
13:51:59.959,3.4574560503673615
13:52:02.963,2.950898160197525
13:52:05.969,3.6098525443434837
13:52:08.978,3.7473222923193292
13:52:11.981,2.5199193081341957
13:52:14.990,2.9621727686933146
13:52:17.998,1.255085285397163
13:52:21.007,0.11566509714661645
13:52:24.010,1.3224336661483582
13:52:27.018,1.9853265762010897
13:52:30.025,1.8244178884782043
13:52:33.035,1.5495309159923294
13:52:36.038,2.1614903295664427
13:52:39.046,0.7825180263190364
13:52:42.050,1.1085125958578572
13:52:45.058,0.30168147156706765
13:52:48.066,0.2847084223061755
13:52:51.074,0.3360816417856627
13:52:54.080,0.5978715312159439
13:52:57.086,1.009233847315032
13:53:00.095,0.8710765304382411
13:53:03.103,3.409845174485457
13:53:06.106,4.200568321265886
13:53:09.116,3.971592268818856
13:53:12.122,1.919445715102029
13:53:15.127,1.9688428857980436
13:53:18.135,1.8982686957939674
13:53:21.142,2.945560711423192
13:53:24.152,3.0421503811569663
13:53:27.156,2.331315306400376
13:53:30.163,3.8140595669003226
13:53:33.171,7.542676264745612
13:53:36.175,8.92846242496591
13:53:39.183,6.0698333453910385
13:53:42.192,2.5171406593098586
13:53:45.195,1.8399773577976235
13:53:48.204,1.0642641633334213
13:53:51.210,1.3592313457356326
13:53:54.219,0.6496119455671091
13:53:57.224,1.670135865412231
13:54:00.231,2.692098154617017
13:54:03.239,2.6243937946639018
13:54:06.243,1.8964246732252938
13:54:09.251,3.1261354090073206
13:54:12.261,2.855800467700564
13:54:15.267,2.3831119683277127
13:54:18.271,1.4591038483537166
13:54:21.279,0.9680534764784767
13:54:24.287,0.7490105145668517
13:54:27.291,1.331187243240976
13:54:30.301,2.0640092516363957
13:54:33.309,2.5638844371467244
13:54:36.311,5.72921192070303
13:54:39.319,6.917074212373403
13:54:42.327,5.4047661255832455
13:54:45.335,1.813073032645542
13:54:48.339,1.326238093964009
13:54:51.368,1.4155959630810089
13:54:54.388,6.774620553634624
13:54:57.395,6.7353001024716175
13:55:00.403,7.047455675471544
13:55:03.409,2.107716200619772
13:55:06.416,0.7866219606930326
13:55:09.425,1.0984696388128101
13:55:12.432,2.961298589423909
13:55:15.435,3.376743240335559
13:55:18.446,3.4061552780939133
13:55:21.453,5.490124514236064
13:55:24.457,6.076680554074103
13:55:27.465,6.543564266195832
13:55:30.472,4.1594020641989635
13:55:33.476,3.973470171821129
13:55:36.485,4.217058437183521
13:55:39.493,3.6408046788437414
13:55:42.501,2.1061342885404075
13:55:45.508,2.4781346787433916
13:55:48.514,3.33217095127716
13:55:51.521,5.663635325726955
13:55:54.525,5.071922838647099
13:55:57.536,4.521600089774371
13:56:00.541,2.364487053002247
13:56:03.549,1.699913288120578
13:56:06.553,1.7590660510286973
13:56:09.560,0.9069126417523032
13:56:12.569,0.4922434290231943
13:56:15.574,1.9201812106871399
13:56:18.582,4.6026832910453415
13:56:21.589,4.3395018479575915
13:56:24.593,4.994665153116402
13:56:27.600,3.039383214451397
13:56:30.608,4.336496964785212
13:56:33.617,6.126053515467184
13:56:36.621,7.83316084151089
13:56:39.629,6.930030588390471
13:56:42.638,6.556425275816062
13:56:45.641,1.6572044593849493
13:56:48.651,1.2625943155963086
13:56:51.658,1.5759408627954652
13:56:54.665,2.743649103179444
13:56:57.669,3.1960080876724053
13:57:00.681,2.215125919622024
13:57:03.685,3.014993418291922
13:57:06.690,0.0
13:57:09.698,0.2734162834250819
13:57:12.707,1.1599863059887336
13:57:15.711,0.9649056316042024
13:57:18.717,0.7630488591980141
13:57:21.725,4.705210986285313
13:57:24.734,4.629151826177239
13:57:27.737,5.7374709432442845
13:57:30.745,4.60735201887238
13:57:33.755,3.32947908475296
13:57:36.758,3.6715382895467474
13:57:39.766,3.626122792294657
13:57:42.774,3.0545159307364735
13:57:45.781,3.3827487553774906
13:57:48.786,5.300400267708151
13:57:51.793,5.790744733150112
13:57:54.804,5.269658145584894
13:57:57.812,5.027965812784546
13:58:00.814,5.447898984307883
13:58:03.822,6.126682463784237
13:58:06.831,5.092548855900727
13:58:09.834,4.08711395147056
13:58:12.842,2.9052920346168345
13:58:15.851,4.098080130469744
13:58:18.856,4.194107086317516
13:58:21.862,4.110197751656209
13:58:24.870,3.1612425101513595
13:58:27.878,1.1863403321147037
13:58:30.882,0.6432144118735484
13:58:33.892,1.6994843787214446
13:58:36.898,3.4464659522145626
13:58:39.903,0.4895048429782029
13:58:42.911,2.217622287881087
13:58:45.918,3.730786129669675
13:58:48.927,4.758569665112744
13:58:51.930,4.457529349573438
13:58:54.938,0.6437188129312647
13:58:57.947,0.23692898710066465
13:59:00.952,0.9296251828279842
13:59:03.960,1.5754758131052093
13:59:06.971,0.9165275059042363
13:59:09.974,1.6451249147220068
13:59:12.979,2.0218922612859376
13:59:15.988,1.4084079452718514
13:59:18.995,1.4423338714758345
13:59:22.004,4.166270329884104
13:59:25.007,4.516187942447209
13:59:28.016,4.5532189981675595
13:59:31.019,3.132753763455646
13:59:34.028,1.7008449617784778
13:59:37.036,1.8422571790321007
13:59:40.043,3.2382822665551325
13:59:43.048,4.284432108235223
13:59:46.057,4.377695066184319
13:59:49.065,5.158217689552635
13:59:52.072,5.710419614993534
13:59:55.075,5.719224118532525
13:59:58.083,4.09285492735668
14:00:01.093,1.8563932694097227
14:00:04.095,2.1342862919179875
14:00:07.106,2.9109903700255013
14:00:10.113,1.0898082718694069
14:00:13.120,0.2846102125177049
14:00:16.123,0.5602138319992533
14:00:19.132,1.1253127929636522
14:00:22.136,1.953706943476573
14:00:25.143,2.799997296711347
14:00:28.153,0.5693883400962704
14:00:31.160,0.9464049898184429
14:00:34.164,2.286661193518346
14:00:37.173,4.489456470683136
14:00:40.179,4.63679703679863
14:00:43.191,5.525759490970113
14:00:46.193,3.0675645865559424
14:00:49.199,1.8407482120828806
14:00:52.210,2.97781037294187
14:00:55.212,6.599352331734783
14:00:58.220,8.471469035990387
14:01:01.228,8.48187576736532
14:01:04.236,6.592236221027061
14:01:07.240,7.490853066625192
14:01:10.248,7.316683158952007
14:01:13.257,6.74937673199337
14:01:16.261,4.811465853379906
14:01:19.268,5.624247299406461
14:01:22.279,3.456042704757725
14:01:25.280,2.220481717445589
14:01:28.292,2.1577726637244257
14:01:31.296,2.2031816447254533
14:01:34.304,3.01374611331027
14:01:37.311,2.2459498280223977
14:01:40.317,3.212899744861158
14:01:43.326,2.465758822621752
14:01:46.331,3.610003201688659
14:01:49.338,2.810168344145502
14:01:52.345,2.5001341299044983
14:01:55.353,2.399496802870415
14:01:58.358,3.9522472822822854
14:02:01.368,5.294008748875867
14:02:04.374,4.7621991836211475
14:02:07.381,4.646627006082813
14:02:10.386,4.254445866479765
14:02:13.393,3.630241707688955
14:02:16.397,4.051613899804126
14:02:19.407,5.151519480394526
14:02:22.413,7.022622710619161
14:02:25.422,6.91363859063125
14:02:28.425,4.294760636226169
14:02:31.436,3.2834951576226836
14:02:34.441,4.813151486119521
14:02:37.450,5.886435357193973
14:02:40.453,5.289114747290788
14:02:43.462,4.712807272904178
14:02:46.470,4.0627284794697465
14:02:49.475,3.968962993913115
14:02:52.489,4.321681316124131
14:02:55.491,4.756948724134529
14:02:58.497,4.571612775276867
14:03:01.502,3.71184423319359
14:03:04.510,5.200325177299346
14:03:07.518,6.185772676271618
14:03:10.523,5.258768239541784
14:03:13.531,3.5310639135356015
14:03:16.539,3.3909568287631613
14:03:19.546,2.5386003654320817
14:03:22.550,1.0807819753292223
14:03:25.558,1.2466724221857317
14:03:28.569,1.566699783862974
14:03:31.573,1.0334636100775543
14:03:34.577,1.1909201478418028
14:03:37.588,0.5816656501968946
14:03:40.591,2.951728869575937
14:03:43.599,3.260074786112251
14:03:46.607,3.334084229648922
14:03:49.615,3.4548483502687644
14:03:52.618,4.3927243465458
14:03:55.627,4.007977447467206
14:03:58.635,4.252246414387519
14:04:01.667,3.1393054781764045
14:04:04.697,3.348078717194659
14:04:07.703,4.046131543319391
14:04:10.712,0.47039845253402185
14:04:13.718,0.22936378886633063
14:04:16.723,4.119584248414274
14:04:19.730,2.8945330302398005
14:04:22.740,3.560172557825949
14:04:25.743,3.948023047420196
14:04:28.750,3.4601746632345844
14:04:31.759,3.0672430956423153
14:04:34.763,4.995037786219609
14:04:37.770,4.281866385532742
14:04:40.778,3.4204331574260456
14:04:43.786,2.244023145674697
14:04:46.791,0.6433663926595234
14:04:49.799,0.23088433270530298
14:04:52.809,0.6483906250025983
14:04:55.811,1.094214270659704
14:04:58.820,1.2071015468860384
14:05:01.827,1.3953950080058102
14:05:04.836,1.3986570419413278
14:05:07.841,1.9539778174199074
14:05:10.847,2.751380915568067
14:05:13.857,6.080202977692614
14:05:16.871,3.70978226791194
14:05:19.903,3.8323746006153496
14:05:22.908,5.647244163285343
14:05:25.916,4.989491241953061
14:05:28.924,5.639074983018522
14:05:31.928,2.8442781754803645
14:05:34.936,2.811839537952747
14:05:37.944,3.2289853896061693
14:05:40.951,3.317713080022742
14:05:43.956,2.6583621036079745
14:05:46.967,2.8161098026308613
14:05:49.971,3.311616739795775
14:05:52.976,4.129126391144122
14:05:55.984,4.4593420574166105
14:05:58.994,1.680589559473567
14:06:01.996,2.362349703696405
14:06:05.004,2.377591152503786
14:06:08.013,2.9796382391311877
14:06:11.020,3.2319655176421778
14:06:14.028,4.0952560521273575
14:06:17.032,2.74781169591565
14:06:20.041,1.4617123177244697
14:06:23.044,2.480771007696222
14:06:26.076,1.2700418888844285
14:06:29.077,0.6532779102990889
14:06:32.108,0.0520546313101427
14:06:35.141,3.6283003268604435
14:06:38.142,3.8149589049466694
14:06:41.144,3.5749436844690905
14:06:44.152,3.30956837225689
14:06:47.155,3.193610370397081
14:06:50.167,2.1856939807219478
14:06:53.172,3.6038236667072847
14:06:56.181,4.781753851742315
14:06:59.184,5.289149302074902
14:07:02.194,5.310839513304962
14:07:05.195,3.7848078875252567
14:07:08.223,3.388238255698158
14:07:11.257,4.369976535693898
14:07:14.288,5.476818546934602
14:07:17.289,6.730413294638461
14:07:20.322,4.153643888294682
14:07:23.352,3.411578007793933
14:07:26.353,3.292507402344257
14:07:29.385,3.593286129006552
14:07:32.386,6.000364065419239
14:07:35.416,6.139589923085993
14:07:38.423,6.441383716721579
14:07:41.449,4.387176121109055
14:07:44.481,4.663826240031998
14:07:47.481,4.85856175097939
14:07:50.514,2.081422563065171
14:07:53.547,2.003081910788058
14:07:56.577,2.5872238020418523
14:07:59.577,5.86508922654942
14:08:02.578,7.84028014780591
14:08:05.609,9.293966116010852
14:08:08.642,6.699752962947573
14:08:11.675,7.757674093352992
14:08:14.691,6.478472979926213
14:08:17.705,2.628415991458815
14:08:20.737,2.57916387584714
14:08:23.738,1.8483069275164778
14:08:26.770,2.401481914602011
14:08:29.771,0.6083166095459629
14:08:32.801,0.5610750387385897
14:08:35.802,2.160882867722181
14:08:38.834,2.6796905874461023
14:08:41.867,3.332238424657858
14:08:44.898,5.451269779889599
14:08:47.930,7.6252280962288435
14:08:50.964,7.849751388123551
14:08:53.997,3.0081846076927015
14:08:57.028,2.4820332271461636
14:09:00.058,1.3004626521841114
14:09:03.092,3.6315249679803214
14:09:06.126,3.4711192262906057
14:09:09.160,3.3769116398568495
14:09:12.191,4.843025934168049
14:09:15.222,1.8846344915306068
14:09:18.222,1.5913728699426084
14:09:21.254,2.659039733016398
14:09:24.287,1.465617894578161
14:09:27.319,1.6977652691757283
14:09:30.351,1.6144162089550538
14:09:33.382,4.899959387954363
14:09:36.383,6.291322625873071
14:09:39.414,6.7341818665493065
14:09:42.416,3.861936782295268
14:09:45.447,3.795806199320097
14:09:48.448,2.948165855303291
14:09:51.479,2.402303380151381
14:09:54.514,2.2533752246579932
14:09:57.544,3.611428227528615
14:10:00.576,3.5943337215206914
14:10:03.608,2.094523277222119
14:10:06.618,1.8161653536748554
14:10:09.640,1.9066588712340324
